frame,matches_ratio,inliers_ransac,epi_med_desc,epi_mean_desc,epi_med_geom,epi_mean_geom,pnp_matches,pnp_inliers,pnp_rmse_before,pnp_rmse_after,loop_kf,loop_inliers,map_points
0,0,0,nan,nan,nan,nan,0,0,nan,nan,-1,0,0
1,907,843,0.0009960402385621318,0.5434183653391831,7.437782732656683e-28,0.02874037946305544,0,0,nan,nan,-1,0,23
2,795,731,0.004804198317018049,0.15266906737222583,2.8376005472438206e-28,0.027566946493353138,0,0,nan,nan,-1,0,40
3,947,916,0.00021016813553461017,0.09184944145717695,2.0356689099753863e-27,0.014291473795422716,0,0,nan,nan,-1,0,62
4,897,861,0.000657480959848276,0.13558619246163647,5.2041116093079035e-27,0.024829771730037864,0,0,nan,nan,-1,0,89
5,881,813,0.009577786083491482,0.4027935526779504,1.0368484162359402e-26,0.0254032899883872,0,0,nan,nan,-1,0,109
6,910,854,0.004474327786725441,0.35662322729155727,1.012355004605461e-27,0.031543954736952796,0,0,nan,nan,-1,0,109
7,939,907,0.0005687503646239115,0.08721143831300855,1.7966358498550066e-27,0.018553954718000386,0,0,nan,nan,-1,0,139
8,910,866,0.001279750860304379,0.11164623423385146,3.1734267811923764e-26,0.0244856529487355,0,0,nan,nan,-1,0,194
9,947,915,9.252960874376715e-05,0.06281665973213811,9.083159088220144e-28,0.018868850892351532,0,0,nan,nan,-1,0,577
10,774,692,0.11375125634583423,0.24319078874853492,1.580084753479494e-26,0.018901346596696633,807,317,1.8590303402551758,1.8206764053563145,-1,0,969
11,731,536,0.1336587349416302,0.4694991398218254,6.187472757820507e-28,0.09722160738450492,0,0,nan,nan,-1,0,969
12,770,659,0.01884627931295843,1.4289584676355664,1.4316901170227878e-28,0.030548978133841675,0,0,nan,nan,-1,0,969
13,714,569,0.1266663131165543,1.3937013358845531,0.06950165204151422,0.12117477924877894,0,0,nan,nan,-1,0,969
14,732,589,0.05483495612562675,0.40879265949541604,0.042335363180685745,0.09584356132769031,0,0,nan,nan,-1,0,969
15,731,565,0.13398054297837675,4.612720448684672,0.04307501064085908,0.11688659946541895,0,0,nan,nan,-1,0,1374
16,747,646,0.09128889772895492,1.3514093108556007,3.9945639782823145e-28,0.03720244828826641,0,0,nan,nan,-1,0,1818
17,742,626,0.03450798366518188,0.45446311776135057,0.028095838128847174,0.08545431325103708,0,0,nan,nan,-1,0,2274
18,747,641,0.01894490528969695,0.3138239726918456,8.398470706907157e-28,0.050274611668549574,0,0,nan,nan,-1,0,2699
19,730,613,0.05234196581806493,1.3371598540909935,0.002925912419027597,0.045644167849468946,0,0,nan,nan,-1,0,3132
20,742,671,0.01627079087887806,0.42282650005584305,0.06110058345814965,0.0945188630837167,2703,264,14.369115207031452,3.5576349772519156,-1,0,3539
21,614,455,0.15860960077110448,0.7327209834607751,0.08873324242349087,0.13320269738359855,0,0,nan,nan,-1,0,3707
22,595,460,0.12132048567329441,1.0322311561229034,0.06969185064602683,0.1273585658130649,0,0,nan,nan,-1,0,3879
23,613,496,0.09734044752712481,1.255255706656466,0.05600428737022188,0.11511919666278429,0,0,nan,nan,-1,0,4355
24,590,454,0.09009604723315442,0.3068347467334177,0.07440678797211672,0.123700322144547,0,0,nan,nan,-1,0,4770
25,625,480,0.10785233270048854,0.5182590650060772,0.08361883539019821,0.12144895652033146,0,0,nan,nan,-1,0,5130
26,657,495,0.1279114864492533,0.7964848949122441,0.07939116565985886,0.13543643455837182,0,0,nan,nan,-1,0,5482
27,590,486,0.10560888817734093,0.6972595357211353,0.035071364449541426,0.0858148003795116,0,0,nan,nan,-1,0,5807
28,605,524,0.033794170375053695,0.5577370335145974,9.052409302023281e-27,0.04594612285589382,0,0,nan,nan,-1,0,6026
29,587,506,0.049698255296695075,0.559744548492446,0.033136304045270876,0.0869607215630015,0,0,nan,nan,-1,0,6130
30,453,326,0.14478521469687966,0.878755441862952,0.09097571204894767,0.14645405029999137,2125,131,1.8839563219225899,1.6197148813303492,-1,0,6130
31,395,310,0.19945101335652685,17.353920201143044,0.07607158538468428,0.12974059780361807,0,0,nan,nan,-1,0,6130
32,379,279,0.14405911721605555,2.722535179890477,0.10159169211601861,0.13620495426464688,0,0,nan,nan,-1,0,6130
33,310,244,0.1515877806378003,1.2171315952682558,0.07402987909544669,0.12771222559704234,0,0,nan,nan,-1,0,6130
34,367,310,0.0861954726397719,0.5176734797499308,3.5131734391866526e-28,0.052065594213001644,0,0,nan,nan,-1,0,6130
35,469,382,0.07899179110209667,0.8025052835504187,0.024727983358453713,0.09423351016074472,0,0,nan,nan,-1,0,6130
36,457,385,0.06680399264064187,1.2098514226510733,7.608593353340607e-28,0.036693808642163074,0,0,nan,nan,-1,0,6130
37,465,415,0.06112550497333492,0.9847253173450466,3.9456913675783797e-28,0.03625378123996668,0,0,nan,nan,-1,0,6130
38,411,325,0.13956688298985565,1.174913601745816,0.08650506785188086,0.13336392081395307,0,0,nan,nan,-1,0,6130
39,363,304,0.15041531189964744,1.9696663491550044,2.064990055070262e-27,0.07306838143674,0,0,nan,nan,-1,0,6130
40,345,275,0.09704695289012533,0.32634793412843005,0.051875007275055486,0.10947748679153213,1132,167,1.7748155341679195,1.6272732063865563,-1,0,6130
41,350,277,0.06973873972096276,0.5688023726135795,0.08395846054946773,0.12988978717142613,0,0,nan,nan,-1,0,6232
42,336,248,0.22432682648208346,2.6858753467532956,0.07953203767460347,0.13038608659997922,0,0,nan,nan,-1,0,6298
43,326,254,0.11936044650562748,0.9703051457251365,0.10379953367965535,0.140237540184791,0,0,nan,nan,-1,0,6436
44,400,342,0.04965031385317757,0.5577078986711648,8.661084076419121e-28,0.027229603290510947,0,0,nan,nan,-1,0,6436
45,380,301,0.09608359200527046,3.3538371934270086,0.0734386207704473,0.1182365260097581,0,0,nan,nan,-1,0,6436
46,364,309,0.09403539357159904,0.6237784400848666,0.054397529416359086,0.1034025874464554,0,0,nan,nan,-1,0,6436
47,371,318,0.08979321052982624,0.5182467336490414,3.409594502961545e-28,0.03128367568767485,0,0,nan,nan,-1,0,6436
48,362,317,0.07471754014943907,0.2137653562431221,0.004436487978360913,0.05305139655016876,0,0,nan,nan,-1,0,6436
49,367,317,0.044521222094024336,0.5055225520591917,0.03970880371017271,0.09935035718435813,0,0,nan,nan,-1,0,6457
50,337,285,0.09443737024631714,0.514800035110683,0.06740639726623271,0.12504178760927423,929,149,48.38947242538408,2.675076647061365,-1,0,6523
51,359,321,0.05619425619061057,0.5405881573537793,0.026683776962560957,0.07305686312661958,0,0,nan,nan,-1,0,6588
52,363,306,0.0937936557201575,0.6854244676573554,2.76391813712552e-26,0.04879198025099602,0,0,nan,nan,-1,0,6588
53,372,327,0.018128359212070483,0.21162043871495723,7.051117794902536e-28,0.03182188096378916,0,0,nan,nan,-1,0,6588
54,343,290,0.06574675074624539,0.2039920080508895,2.2934489951781567e-28,0.038156016272591256,0,0,nan,nan,-1,0,6634
55,314,269,0.05040827214226519,0.616712779172895,0.020372862682974172,0.06491058619017069,0,0,nan,nan,-1,0,6687
56,288,245,0.09344691267271917,0.21310436818574063,0.07801005619676254,0.12437408494968268,0,0,nan,nan,-1,0,6844
57,291,243,0.0660710008934682,0.3250129432232162,0.07908894591674841,0.13003312033798464,0,0,nan,nan,-1,0,6844
58,299,269,0.05389608152376902,0.35728062935419264,0.004228633771027917,0.06727837539412301,0,0,nan,nan,-1,0,6844
59,271,216,0.10090338826967894,0.9276161876986003,0.09705359121879226,0.13245744591240294,0,0,nan,nan,-1,0,6844
60,304,275,0.05236111267234042,1.047877608644447,0.0006766148665860356,0.05483415387086263,660,141,1.7397889474641623,1.5375170293039357,-1,0,6844
61,289,251,0.06891622005658961,0.21027006372874976,4.8758654112879835e-28,0.0300887822834407,0,0,nan,nan,-1,0,6844
62,296,248,0.0385617512247924,2.020947453889536,0.07528987868575521,0.13533247708779214,0,0,nan,nan,-1,0,6844
63,297,251,0.06089965040042232,0.261690411319033,0.008264466310947266,0.059674868996954594,0,0,nan,nan,-1,0,6844
64,311,271,0.06163209813821628,0.18490976286717084,0.025341343115407384,0.07525067529905866,0,0,nan,nan,-1,0,6970
65,266,235,0.05331847829976413,1.7817918493988125,0.046836383022006094,0.09415399545413698,0,0,nan,nan,-1,0,7148
66,302,264,0.0532014218308615,0.3103231207511323,1.9596000049574298e-26,0.0333391075871302,0,0,nan,nan,-1,0,7288
67,254,213,0.07027169266117031,0.20931296485587136,0.08774968065593541,0.12210159234281438,0,0,nan,nan,-1,0,7288
68,241,202,0.09449772167624503,0.2319973812052144,0.045523779812630116,0.10274652911423646,0,0,nan,nan,-1,0,7325
69,248,220,0.06566417128522326,0.20634396184041318,1.5179087018926293e-26,0.06316333771456949,0,0,nan,nan,-1,0,7325
70,236,212,0.05738836591766812,0.1935069807079269,4.2556667983807606e-27,0.0408693150161569,633,46,3.2396259274093455,3.09889014149403,-1,0,7353
71,235,213,0.02240788102561467,0.45519377305261455,3.745910907560935e-28,0.03804802436244511,0,0,nan,nan,-1,0,7353
72,271,242,0.048365521705108966,0.14673914320092635,0.010887511108821912,0.06267463319317818,0,0,nan,nan,-1,0,7365
73,257,232,0.024815591538617652,0.24726283531232973,0.01437673648843056,0.07288650637664831,0,0,nan,nan,-1,0,7365
74,248,228,0.023835762937134543,0.19663750253304346,1.2021632127292226e-27,0.03938161334072084,0,0,nan,nan,-1,0,7365
75,245,214,0.0442034742558041,0.18043086476437703,0.006916431506246386,0.060229619705582715,0,0,nan,nan,-1,0,7365
76,230,216,0.02613844484964343,0.19838341567692394,3.7251792210174516e-28,0.024799362873369465,0,0,nan,nan,-1,0,7497
77,274,250,0.008590605688180656,0.1030551951708046,1.8616472117315899e-28,0.02775399544868073,0,0,nan,nan,-1,0,7497
78,270,244,0.025640763352470404,0.28743859751036277,0.04683042209331327,0.10927652569859002,0,0,nan,nan,-1,0,7497
79,237,211,0.05172033278558093,0.19204083903928304,1.5808827830478895e-26,0.028166738932609302,0,0,nan,nan,-1,0,7497
80,236,211,0.06663126634002815,0.1759245262050639,9.809092679157795e-28,0.04045645488891306,555,95,1.8763139660381398,1.8006185701484398,-1,0,7616
81,248,234,0.06613376295436865,0.23397976393878744,0.012292391194785016,0.050770314351498404,0,0,nan,nan,-1,0,7728
82,254,204,0.07022152582943283,0.23575239830827396,0.024601488474021216,0.08015231886766963,0,0,nan,nan,-1,0,7772
83,278,237,0.05821045862499242,0.2060523589115044,0.04459444606710535,0.10098118458247501,0,0,nan,nan,-1,0,7793
84,298,248,0.07407198950918646,0.20440104062107758,0.03237675177041256,0.07341205423931706,0,0,nan,nan,-1,0,7849
85,299,265,0.06321883625131719,0.17915779061247106,0.04985406746451853,0.089231072841331,0,0,nan,nan,-1,0,7899
86,295,234,0.09544429419419036,0.26680940291793004,5.278908644420892e-28,0.07138186127653337,0,0,nan,nan,-1,0,7899
87,310,274,0.07781566085278079,0.22321345826829617,0.003711195552490734,0.07127298477942488,0,0,nan,nan,-1,0,7899
88,266,229,0.0644649831686909,0.24759036769251985,0.023859264487620102,0.08454878281832677,0,0,nan,nan,-1,0,7899
89,267,224,0.0677834605404803,0.18935996230632182,0.05447443693787479,0.10030954357816134,0,0,nan,nan,-1,0,7899
90,278,240,0.06239249594923629,0.16736600652962577,7.4919950809360005e-28,0.04416998034352688,527,135,1.5590368751837553,1.2061276191582204,-1,0,7969
91,264,226,0.06194425722394587,0.21149199807264069,0.07002558685504844,0.11374540920766742,0,0,nan,nan,-1,0,8148
92,285,243,0.06974584971916827,0.2521993832281325,0.014500934711626992,0.091052732136944,0,0,nan,nan,-1,0,8321
93,294,267,0.0613597604720043,0.18823809706356417,0.00663482869686237,0.06407445503491664,0,0,nan,nan,-1,0,8498
94,298,264,0.061258964774374126,0.37997046823361313,0.01497291573859929,0.07114376048371723,0,0,nan,nan,-1,0,8498
95,327,297,0.012559032900477446,1.999537556758158,7.921917906707014e-26,0.02682332989651691,0,0,nan,nan,-1,0,8498
96,354,316,0.06955909980164107,0.22997304965606566,0.023793285304362574,0.07831815448438682,0,0,nan,nan,-1,0,8670
97,365,328,0.06693772491445621,0.20379932097096431,0.03205406980779643,0.08546958275339074,0,0,nan,nan,-1,0,8821
98,371,334,0.09127780942591802,0.2019950626593259,0.007307786632753655,0.06185372326234726,0,0,nan,nan,-1,0,8966
99,379,318,0.061429883130543046,0.22469499802694293,0.041143952538572545,0.10197291457927167,0,0,nan,nan,-1,0,9115
100,365,314,0.06766821292276448,0.24193496643995643,0.05296922094054156,0.112552570275921,843,428,6.738844537792805,2.734595189833912,-1,0,9251
101,377,328,0.02780126838226712,0.21214820035361592,0.02123979163206218,0.08021324926314984,0,0,nan,nan,-1,0,9347
102,370,317,0.0520135824857888,0.2173541106419839,0.02250197389999341,0.09578357659766287,0,0,nan,nan,-1,0,9374
103,377,332,0.07662996429065416,0.3609479392536504,0.06359145983445993,0.11915714679673847,0,0,nan,nan,-1,0,9374
104,405,345,0.023300453322979604,0.19538118648719102,7.4945723698305e-28,0.056702116166031616,0,0,nan,nan,-1,0,9374
105,411,374,0.05393305250672425,0.20069146268042412,0.008955182331255647,0.06599868855877893,0,0,nan,nan,-1,0,9493
106,402,354,0.06859484190853901,0.17767019461214137,4.7828876679763914e-27,0.04304612188500508,0,0,nan,nan,-1,0,9684
107,395,341,0.0792400687162055,0.28808340254474163,0.049783871868048855,0.10035270038678988,0,0,nan,nan,-1,0,9823
108,408,350,0.057563765082613946,0.29389621056675214,6.74053705695496e-27,0.0388049222241248,0,0,nan,nan,-1,0,9955
109,400,366,0.04643168894643727,0.2527425768411431,0.012151310464914522,0.07623348325926854,0,0,nan,nan,-1,0,9966
110,425,387,0.037680897826338156,0.17941740396693062,0.02006264552229162,0.05118815073335066,779,231,3.3270674918012904,2.729920945943025,-1,0,10019
111,427,376,0.050085713839704255,0.2914643761359159,0.02757757171756262,0.09790205599358437,0,0,nan,nan,-1,0,10019
112,383,331,0.05233389992580256,0.20037512441290986,0.06138256917785873,0.1085190962845295,0,0,nan,nan,-1,0,10066
113,414,365,0.0575488682867773,0.20038891919297167,2.896710259892158e-28,0.029893725114356333,0,0,nan,nan,-1,0,10118
114,370,332,0.05941560518784025,0.17132645335406113,3.6465587020052324e-27,0.036097295853209636,0,0,nan,nan,-1,0,10192
115,355,304,0.08776589270196003,0.2559300078330486,5.393536195850136e-27,0.06140564597200957,0,0,nan,nan,-1,0,10251
116,383,318,0.07479474866252514,0.2784217072787856,0.08202061790651274,0.12652625625959063,0,0,nan,nan,-1,0,10345
117,423,380,0.06146180674719082,0.19366039386799536,0.028820852236130946,0.07825058723082509,0,0,nan,nan,-1,0,10415
118,413,376,0.014244173227383425,0.21936478941174303,1.550652445046278e-25,0.025531683356805456,0,0,nan,nan,-1,0,10486
119,401,361,0.0761591396978442,0.21686599199366244,0.06007297767792328,0.10379504876524195,0,0,nan,nan,-1,0,10581
120,399,362,0.010597075039191599,0.2511305758577616,2.0817008133329743e-28,0.030665437807955966,685,49,1.7169532556401066,1.600353233856522,-1,0,10581
121,402,362,0.03746952807852995,0.18893910209032053,0.020912308525609352,0.07090262024766933,0,0,nan,nan,-1,0,10692
122,406,353,0.055726678239179386,0.2045628129861388,0.08173447136588953,0.12975211670530454,0,0,nan,nan,-1,0,10807
123,418,391,0.04323871238708229,0.17846507114005664,6.550050825982932e-28,0.02878716633121062,0,0,nan,nan,-1,0,10807
124,430,383,0.04557084269549247,0.1762666650178235,0.0169588560555414,0.07910566268678608,0,0,nan,nan,-1,0,10807
125,425,382,0.05219837178759941,0.20468011635705619,1.0352093814918065e-25,0.03489229729361083,0,0,nan,nan,-1,0,11054
126,423,391,0.006100800396724116,0.16350180063585992,0.019854416673683827,0.06622769416643473,0,0,nan,nan,-1,0,11328
127,453,407,0.06216253028026847,0.20109818967247498,0.011651088484655294,0.05929753131936592,0,0,nan,nan,-1,0,11597
128,434,388,0.06062686369922757,0.19143312123734116,5.552636584485141e-28,0.029653002605091235,0,0,nan,nan,-1,0,11838
129,414,377,0.022410643761672466,0.15913802716481018,1.965136028833891e-28,0.03262100536545096,0,0,nan,nan,-1,0,11838
130,406,356,0.0592567665922792,0.19989573137817282,0.028685979411518785,0.07724527741982147,796,338,27.22400170501396,2.0314184811400584,-1,0,11838
131,422,369,0.06857665227492998,0.25527588974758597,0.03705375799706818,0.0909390978007995,0,0,nan,nan,-1,0,11838
132,394,310,0.13539164498112488,0.2926798859546093,0.03914544801123371,0.11021372977939135,0,0,nan,nan,-1,0,11838
133,405,360,0.031133482620071987,0.1433176383702932,0.005275743930324264,0.04250231636161506,0,0,nan,nan,-1,0,12094
134,423,381,0.02268482575084838,0.3094361693063106,0.012761779290425936,0.0662076636293458,0,0,nan,nan,-1,0,12345
135,422,381,0.014077446558811955,0.20909546432457296,9.801594318489167e-26,0.03554344682457038,0,0,nan,nan,-1,0,12602
136,391,326,0.08235913087568432,0.22520534531534825,0.04228441646375119,0.10460504435702757,0,0,nan,nan,-1,0,12843
137,450,420,0.006760693312500619,0.12009365631797736,1.0161967689915898e-27,0.025484442808786527,0,0,nan,nan,-1,0,13033
138,435,394,0.06101010445113449,0.17294082542218253,1.4278367251110654e-28,0.04140353331602359,0,0,nan,nan,-1,0,13033
139,407,351,0.0895530127798948,0.236043865406482,0.04837839171178919,0.10563775757201975,0,0,nan,nan,-1,0,13033
140,411,336,0.07405330666776212,0.23067713633707082,0.04497398865940645,0.10016000343201258,769,527,1.864479613925104,1.6558005963489788,-1,0,13033
141,421,352,0.08241072025498566,0.249037187226097,1.498118503923756e-26,0.055033030633152145,0,0,nan,nan,-1,0,13047
142,422,371,0.07081679636038199,0.2021264397490871,0.019884586915193358,0.059528810289627095,0,0,nan,nan,-1,0,13289
143,417,377,0.06877028535689705,0.18835849551766742,3.274141286030194e-27,0.020175254636142035,0,0,nan,nan,-1,0,13289
144,412,366,0.05112299589362275,0.2005453881621976,1.8863354570579918e-28,0.03272898054218628,0,0,nan,nan,-1,0,13289
145,385,319,0.10685381646324302,0.5463534908191064,0.06589123370331214,0.12525888494694262,0,0,nan,nan,-1,0,13289
146,382,338,0.1270937773678883,0.3786884261003524,0.017637717146079236,0.07293084431335868,0,0,nan,nan,-1,0,13289
147,395,311,0.1655856066926528,0.37674897307725047,0.0672648470461335,0.12370003748424599,0,0,nan,nan,-1,0,13289
148,407,354,0.07884776755545815,0.2281422922895905,4.620149350331225e-28,0.04084725675862576,0,0,nan,nan,-1,0,13367
149,440,393,0.014606645662349732,0.17848262780963048,3.1671026648424367e-27,0.026146283627701748,0,0,nan,nan,-1,0,13367
150,452,410,0.025480217539896207,0.27313632444800295,3.5818483664791863e-28,0.03576397848017363,683,429,3.3374020258389154,1.7473914416515544,-1,0,13367
151,435,396,0.07127778837217441,0.22030728346914719,2.4036762680623875e-27,0.02628479093389245,0,0,nan,nan,-1,0,13367
152,440,403,0.03034228507864228,0.14837034725958062,2.0862132029352917e-26,0.02943474579117936,0,0,nan,nan,-1,0,13437
153,430,390,0.058894563595869885,0.23579577565266752,9.188580259034223e-28,0.030581480452066646,0,0,nan,nan,-1,0,13437
154,409,368,0.049540834980145845,0.383538381581113,4.9277183366783783e-26,0.04606335394295491,0,0,nan,nan,-1,0,13437
155,425,385,0.01887367244281944,0.18416638535845295,1.1254659074230604e-28,0.04005357270732587,0,0,nan,nan,-1,0,13524
156,396,351,0.026654771653159402,0.20302807875393014,5.3549725490657154e-27,0.04130071771349145,0,0,nan,nan,-1,0,13589
157,418,349,0.08110397742353048,0.2361321489856938,0.037888063494763556,0.08782576222831974,0,0,nan,nan,-1,0,13654
158,460,400,0.03209875900748462,2.7646742872164602,1.43877300570149e-28,0.03012069103897312,0,0,nan,nan,-1,0,13654
159,439,397,0.09419413364016152,0.23623707065758176,0.04327464254181616,0.08710432896568836,0,0,nan,nan,-1,0,13712
160,437,396,0.07874588189551487,0.23449486773198508,0.0014916714961589028,0.034394142896424826,647,337,4.526352944439128,1.8908794453961446,-1,0,13778
161,405,346,0.07351324542374946,0.22921648856428486,3.87105516011071e-28,0.04748044959576234,0,0,nan,nan,-1,0,14080
162,436,386,0.10611187196742752,3.288571127808168,8.086200465239595e-28,0.04524669670689375,0,0,nan,nan,-1,0,14080
163,431,378,0.028685339108709424,0.37751776270001314,0.05574767358367385,0.10064173978972209,0,0,nan,nan,-1,0,14279
164,432,362,0.06579594638335277,0.211800678293339,2.1017208730537272e-27,0.05048899099787919,0,0,nan,nan,-1,0,14279
165,446,393,0.08646586798885744,0.2763472187605546,1.0488714165025612e-27,0.033324414039889824,0,0,nan,nan,-1,0,14481
166,454,405,0.08045351013187417,0.3875955465561018,3.262098141369671e-28,0.03461458889473155,0,0,nan,nan,-1,0,14646
167,477,428,0.08624805532836415,0.24438466617528642,1.0471722419203212e-27,0.03969942057791294,0,0,nan,nan,-1,0,14799
168,479,411,0.0779156463122178,0.2538864035192315,0.024782133518942356,0.07380316654731901,0,0,nan,nan,-1,0,14916
169,490,442,0.02819053461353433,0.18423130978001892,8.82275272236318e-28,0.04265712222166205,0,0,nan,nan,-1,0,15033
170,499,434,0.06699364513501346,0.20006866966605322,0.02507931254930643,0.08488143200985698,753,52,4.225295209791958,3.763585055790125,-1,0,15033
171,519,463,0.07984256535852864,0.20951654017926238,4.412261199259707e-27,0.03281715573978765,0,0,nan,nan,-1,0,15033
172,513,432,0.03843181902832705,0.350766450458443,0.03365719589702525,0.08805146936991012,0,0,nan,nan,-1,0,15033
173,552,485,0.01966905103089904,0.45295188798728375,1.587295291848393e-27,0.050374351514947784,0,0,nan,nan,-1,0,15033
174,565,496,0.06618174813227926,2.343337328470588,0.03420832601051653,0.08392703728277666,0,0,nan,nan,-1,0,15033
175,589,526,0.04600178636845641,0.255420497455553,3.904121369795917e-26,0.041536010400812104,0,0,nan,nan,-1,0,15033
176,577,524,0.04722210977488511,0.1724564267551418,0.012454938324211611,0.06685138602771139,0,0,nan,nan,-1,0,15033
177,623,551,0.02567908735485555,0.262837235939831,0.054302353406001175,0.11306200786760978,0,0,nan,nan,-1,0,15033
178,604,529,0.0636725845748608,0.36902665931662004,0.05175895636399991,0.09678242482605001,0,0,nan,nan,-1,0,15033
179,623,564,0.028486829419138302,0.3575591213608418,0.028807002486475032,0.07385420971821562,0,0,nan,nan,-1,0,15033
180,642,574,0.06412928796010928,0.1995853141007762,0.0303931130558965,0.07602939213639627,546,69,1725.854912767513,1141.9315001365487,-1,0,15033
181,675,602,0.06780775272715243,0.2076011641745674,0.041968958371815496,0.10105298408961375,0,0,nan,nan,-1,0,15033
182,662,579,0.037520081417654796,0.26732510810014676,0.03847286853621612,0.07831428730400633,0,0,nan,nan,-1,0,15033
183,666,573,0.019827950386323304,0.28582211446886624,0.012865118950635171,0.05706963045713138,0,0,nan,nan,-1,0,15033
184,630,564,0.01074283769933236,0.2981374692144918,0.03700733025187499,0.080899203212872,0,0,nan,nan,-1,0,15033
185,668,583,0.026983427522441046,0.33062039528449855,1.1701267552375987e-27,0.03533919061143592,0,0,nan,nan,-1,0,15033
186,672,596,0.013500813697109745,0.31671724007487284,0.059748877578221705,0.11196979645193617,0,0,nan,nan,-1,0,15033
187,661,597,0.07059828502494067,0.15884853151852055,4.9684120940185804e-27,0.036486389691179066,0,0,nan,nan,-1,0,15033
188,651,592,0.05127680746828935,0.18516041433215527,4.183856244588906e-28,0.04198534316988094,0,0,nan,nan,-1,0,15033
189,689,586,0.07259694097867869,0.3014590959718331,0.06098720758035506,0.10716785448783435,0,0,nan,nan,-1,0,15033
190,690,563,0.07457196758656329,0.3667173522238923,0.06788657130285439,0.11468082103348451,0,0,nan,nan,-1,0,15033
191,691,621,0.05414342126434687,0.18462822909233514,0.034673172196908505,0.07753577744341308,0,0,nan,nan,-1,0,15033
192,709,582,0.07639428930941292,0.22694487432820684,0.08759715676099583,0.13250167201403937,0,0,nan,nan,-1,0,15033
193,737,659,0.05896739661511228,0.19555553835716769,5.0549144851526616e-24,0.03340566812628515,0,0,nan,nan,-1,0,15033
194,726,609,0.08543244005198217,0.2351750860701436,0.0682978955611937,0.12077749121968963,0,0,nan,nan,-1,0,15033
195,734,644,0.05937253419510236,0.23478802987621245,1.9198374675254845e-28,0.02871719802082528,0,0,nan,nan,-1,0,15033
196,725,631,0.06804174522001462,0.21568844150774794,1.3454868842423086e-27,0.03300857612479004,0,0,nan,nan,-1,0,15033
197,751,666,0.06398213427038892,0.382659310908354,0.029712517403812394,0.07763092718963417,0,0,nan,nan,-1,0,15033
198,742,633,0.09224450611577335,0.2656905916367365,0.023304594520086756,0.07432826766643337,0,0,nan,nan,-1,0,15033
199,783,682,0.07449724794786772,0.23464340921492297,0.01063299342763367,0.052742001537579186,0,0,nan,nan,-1,0,15033
200,789,700,0.06716799508160422,0.22480517201210712,1.9624724733648013e-27,0.03905101381346686,0,0,nan,nan,-1,0,15033
201,790,715,0.022034724295890117,0.30287446982680205,8.609217050868518e-26,0.04246838656206306,0,0,nan,nan,-1,0,15033
202,795,667,0.08024355957006145,0.22120598637060498,0.04922173680994168,0.10223055629623966,0,0,nan,nan,-1,0,15033
203,748,618,0.09672995088638289,0.25463078827534286,0.0634669345669729,0.1083248639146737,0,0,nan,nan,-1,0,15033
204,793,653,0.1810723772749783,8.47327518726448,0.05117146399827543,0.10590613906100854,0,0,nan,nan,-1,0,15033
205,821,712,0.07168343268614853,0.22120699512426387,0.03382168634591112,0.08456129566485387,0,0,nan,nan,-1,0,15033
206,882,789,0.05739289903071001,0.2322210242938661,0.055655073409980306,0.1011707486881449,0,0,nan,nan,-1,0,15033
207,883,725,0.12856001503587144,0.3864722374780821,0.06223166510328829,0.1121129105136641,0,0,nan,nan,-1,0,15033
208,953,832,0.012587873369263949,0.24228887892666404,1.5957553291313683e-28,0.0363615638379349,0,0,nan,nan,-1,0,15033
209,957,855,0.025938365934286566,0.44583440621614434,0.013568496973386817,0.05885390320525584,0,0,nan,nan,-1,0,15033
210,984,894,0.021252741680160593,0.21432887890617905,3.994339124060823e-28,0.03141230011921708,0,0,nan,nan,-1,0,15033
211,1036,929,0.07372556532952973,0.26584842549128657,7.113805001644357e-28,0.036122314165445785,0,0,nan,nan,-1,0,15033
212,972,880,0.060551335137148,0.2379371517467255,3.674061306891756e-26,0.02348080830365317,0,0,nan,nan,-1,0,15033
213,955,857,0.06927480742174191,0.25898915586622906,3.896136623294988e-27,0.029718659904911116,0,0,nan,nan,-1,0,15033
214,972,862,0.014369587317480614,0.1958513539242039,4.509680687676327e-28,0.03791038073219448,0,0,nan,nan,-1,0,15033
215,948,852,0.06355773934287728,0.22250434225838508,0.034101722045245655,0.09154407342140453,0,0,nan,nan,-1,0,15033
216,979,853,0.05376884728550184,0.27113816964651083,0.013803008123542359,0.06573470009614245,0,0,nan,nan,-1,0,15033
217,968,867,0.06319765164455418,0.22839823632290018,1.3283862622824281e-27,0.036247365669082356,0,0,nan,nan,-1,0,15033
218,986,898,0.03132005394078855,0.24375495216231602,8.028035045066909e-28,0.03261993655410709,0,0,nan,nan,-1,0,15033
219,1021,923,0.05135055198283631,0.21911507728915292,8.14209761636135e-28,0.02948010005439556,0,0,nan,nan,-1,0,15033
220,1060,963,0.06023836253433878,0.23541956936369085,0.020308710166903866,0.06488969222500571,0,0,nan,nan,-1,0,15033
221,1007,894,0.02135480579224259,0.21999418186637293,0.012611594131201966,0.05975444557177374,0,0,nan,nan,-1,0,15033
222,1010,921,0.012489915748061894,0.20208032990899039,2.279791703821477e-28,0.03363883298679358,0,0,nan,nan,-1,0,15033
223,1025,937,0.04375373357091616,0.22821401349563797,0.006363239318363979,0.056820095660244443,0,0,nan,nan,-1,0,15033
224,1023,884,0.06987545928935675,0.24327595796993207,0.050837043739162896,0.09370148379222465,0,0,nan,nan,-1,0,15033
225,1084,972,0.02001103956726446,0.5969992123944153,3.0926501601834857e-27,0.026030523356077775,0,0,nan,nan,-1,0,15033
226,1050,949,0.006608382956914594,0.20571330299887405,0.013652564054537453,0.0611411731473447,0,0,nan,nan,-1,0,15033
227,1067,961,0.0409905205455406,0.27965658468651905,2.7538323571911013e-27,0.02418844761792015,0,0,nan,nan,-1,0,15033
228,1094,964,0.028761879906020006,0.30795722023583594,0.03848259953700636,0.09120879879385546,0,0,nan,nan,-1,0,15033
229,1099,987,0.0366382233458024,0.2121727237319195,9.308792466969096e-29,0.03184547183261219,0,0,nan,nan,-1,0,15033
230,1103,996,0.006917989210171802,0.26062538926289763,1.5815790881959448e-26,0.03208904402201622,0,0,nan,nan,-1,0,15033
231,1059,954,0.03068753176562918,0.23486948892646423,6.141060327403484e-27,0.028999160254281408,0,0,nan,nan,-1,0,15033
232,1108,1002,0.06314099886524598,0.22089509498500284,0.00924046504012042,0.05289679883914929,0,0,nan,nan,-1,0,15033
233,1100,989,0.0724972895116881,0.20863471019208363,1.889951617472977e-26,0.0351892517947619,0,0,nan,nan,-1,0,15033
234,1112,986,0.028320642961993353,0.30630498887372476,6.557907007490953e-26,0.029315595665645157,0,0,nan,nan,-1,0,15033
235,1096,995,0.03341653895543724,0.19105935276176325,3.0743563919087728e-24,0.03306364067961966,0,0,nan,nan,-1,0,15033
236,1095,984,0.03383124902878071,0.2516928211726943,0.032800670330055764,0.06959484095266796,0,0,nan,nan,-1,0,15033
237,1082,972,0.05775827413625074,0.2261259775189348,2.695567248362625e-27,0.03521291741723944,0,0,nan,nan,-1,0,15033
238,1115,1017,0.021683886002654907,0.19872714052410362,2.3351560018725026e-28,0.02561712160393969,0,0,nan,nan,-1,0,15033
239,1090,970,0.04954494509322302,0.1830150969418122,0.033772767284571514,0.07467522291713377,0,0,nan,nan,-1,0,15033
240,1135,1022,0.018049697445116267,0.3367187178690506,4.627771482827871e-27,0.03375966934709557,0,0,nan,nan,200,374,15033
241,1046,831,0.12551021387707817,0.5083982754042485,0.1047532235193254,0.1507348446823573,0,0,nan,nan,-1,0,15033
242,1011,814,0.1480895270735424,0.4515443357076244,0.08677779565323407,0.13875595200271673,0,0,nan,nan,-1,0,15033
243,1042,842,0.08877165589719219,0.4009290018137498,0.08118483717799219,0.13378798886503004,0,0,nan,nan,-1,0,15033
244,1147,1049,0.0054256830166003875,0.21700821760168607,1.1917397550567012e-28,0.024226946943630857,0,0,nan,nan,-1,0,15033
245,1082,888,0.07531503999881875,0.26815994461707643,0.07710578884287353,0.13199748423692464,0,0,nan,nan,-1,0,15033
246,1028,820,0.10321538208642858,0.27582519325663163,0.06919565441255879,0.1317501279497652,0,0,nan,nan,-1,0,15033
247,1120,988,0.07061843431223719,0.25907348682260567,2.3233523247864713e-28,0.04131238680991515,0,0,nan,nan,-1,0,15033
248,1186,1035,0.024821525494149628,0.3035749796430772,4.211989440240171e-26,0.035356825947011644,0,0,nan,nan,-1,0,15033
249,1181,999,0.07244048786428937,0.23731797580960307,2.9012298956074006e-28,0.04857172745089589,0,0,nan,nan,-1,0,15033
250,1161,1016,0.059861484875161526,0.24184311308676001,5.813627692827519e-28,0.040775162140719544,0,0,nan,nan,-1,0,15033
251,1260,1150,0.00382654801202264,0.21633561710871127,2.539543914574498e-27,0.030718510213007658,0,0,nan,nan,-1,0,15033
252,1196,1041,0.06257330895048803,0.28476399223038756,1.6564615977356268e-27,0.05889231905606264,0,0,nan,nan,-1,0,15033
253,1219,1118,0.04550015913884809,0.2137654545276218,2.3125631091785205e-28,0.020491173908667837,0,0,nan,nan,-1,0,15033
254,1181,980,0.06474631917022439,0.26796543769030645,0.05458614853679985,0.11747952779152222,0,0,nan,nan,-1,0,15033
255,1147,955,0.06452087190839577,0.23843036877695126,0.009441824133446174,0.06743709707751412,0,0,nan,nan,-1,0,15033
256,1148,1042,0.011755716418482963,0.21501463300773688,2.0147886847310817e-28,0.037748237340231396,0,0,nan,nan,-1,0,15033
257,1187,1071,0.014599624799810812,0.19497620401844412,2.453610981737506e-28,0.0380026435658435,0,0,nan,nan,-1,0,15033
258,1157,1056,0.023918274537607823,0.1991212795038013,1.3586440681561753e-28,0.03339132927036328,0,0,nan,nan,-1,0,15033
259,1190,1075,0.031922441778391326,0.20861999966767472,0.01280877530431435,0.06195475135910527,0,0,nan,nan,-1,0,15033
260,1211,1101,0.07482948201465997,0.26232193602235265,8.620524377610608e-28,0.028492051405882433,0,0,nan,nan,-1,0,15033
261,1170,1034,0.07241451209554342,0.2615603101207369,0.03494867846248589,0.08820334447857908,0,0,nan,nan,-1,0,15033
262,1094,859,0.17489347703627092,0.3541889724519869,0.08466751889283958,0.1304931708766105,0,0,nan,nan,-1,0,15033
263,1118,963,0.05613239669261261,0.24301139295915247,0.04988380093218236,0.1017063675096838,0,0,nan,nan,-1,0,15033
264,1182,1092,0.001388788734131085,0.19238747537829137,3.1180492384115204e-28,0.030312356403194633,0,0,nan,nan,-1,0,15033
265,1116,966,0.032541205908515766,0.3912097711142367,1.0054316592448808e-27,0.057253888122814615,0,0,nan,nan,-1,0,15033
266,1229,1120,0.012362295769809493,0.1806368214906766,1.4880721578969254e-26,0.030740866164229785,0,0,nan,nan,-1,0,15033
267,1168,1029,0.02088217766017223,0.19004106280502817,7.575746206787057e-28,0.050668883539199114,0,0,nan,nan,-1,0,15033
268,1058,847,0.10715605873118167,0.32919501685965974,0.10558121952995544,0.14934999723193915,0,0,nan,nan,-1,0,15033
269,1016,781,0.07106602950348948,0.3013849385270072,0.04882059851027475,0.09560504180247527,0,0,nan,nan,-1,0,15033
270,1138,1043,0.011470297150141022,0.2410512376198385,0.006065597154015931,0.05755227745051986,0,0,nan,nan,-1,0,15033
271,1182,1068,0.010948065437341541,0.19107146493718846,1.0986656159807733e-27,0.037157875581117474,0,0,nan,nan,-1,0,15033
272,1190,1028,0.03670820914798432,0.2649978208637977,1.5225327689438684e-27,0.05228025637898921,0,0,nan,nan,-1,0,15033
273,1094,898,0.07509156816030618,0.2717912325316571,0.03500969224008771,0.09927489286700852,0,0,nan,nan,-1,0,15033
274,1157,1038,0.012765202157975785,0.22435124766300896,0.021851888586961195,0.06707377695849472,0,0,nan,nan,-1,0,15033
275,1087,926,0.038434180008537724,0.23583975430903117,8.974070798456056e-28,0.07168824548953404,0,0,nan,nan,-1,0,15033
276,1165,1062,0.03647576814200926,0.209837828969168,0.006775182293521773,0.05686038746391346,0,0,nan,nan,-1,0,15033
277,1098,971,0.047832951753890685,0.21549397487453018,2.0685056848824743e-27,0.04513672655681725,0,0,nan,nan,-1,0,15033
278,1086,883,0.08203758718877463,0.31155160828076583,0.06757288331869042,0.1155373438786973,0,0,nan,nan,-1,0,15033
279,1085,881,0.0823984697695666,0.3365048644386046,0.08343267830934184,0.13003806102981874,0,0,nan,nan,-1,0,15033
280,1062,816,0.09625814912403842,0.35000551861289864,0.07546061605341825,0.12332894327167704,0,0,nan,nan,-1,0,15033
281,1030,864,0.07087586699217016,0.2971951957073354,0.045049633799686115,0.10228474709805041,0,0,nan,nan,-1,0,15033
282,1090,902,0.09674302622989844,0.29405155063983035,0.053351141158382784,0.11155974903470377,0,0,nan,nan,-1,0,15033
283,1183,1004,0.08034223659444106,0.28101102733685446,0.045865371769953714,0.09550447316272372,0,0,nan,nan,-1,0,15033
284,1138,918,0.08890268288598865,0.3184513274246828,0.058800461810438166,0.11526692191867562,0,0,nan,nan,-1,0,15033
285,1029,857,0.10149870819832033,0.3134715020347688,0.06056142880228931,0.10898468119280204,0,0,nan,nan,-1,0,15033
286,940,745,0.0923150372042656,0.2943798132315768,0.06944849724873427,0.12271574157287458,0,0,nan,nan,-1,0,15033
287,1102,1008,0.06302490262764304,1.330270344362723,7.039956565945863e-27,0.03476617111524245,0,0,nan,nan,-1,0,15033
288,958,766,0.111053727142441,0.3756299048846495,0.07364601522390263,0.13101689153634777,0,0,nan,nan,-1,0,15033
289,1065,892,0.09480418998987632,0.30573594666828013,0.05018938974213536,0.11557952161938016,0,0,nan,nan,-1,0,15033
290,881,722,0.15268814211505233,1.4752761725621653,0.05582018669315039,0.10606326858416824,0,0,nan,nan,-1,0,15033
291,865,702,0.11745990864450835,0.4170013961494464,0.04774164362172979,0.1037613192281192,0,0,nan,nan,-1,0,15033
292,934,756,0.14982672670789648,0.39314074970471063,0.05435054356225217,0.11196973138783214,0,0,nan,nan,-1,0,15033
293,866,666,0.12573439534938555,0.8653009267278583,0.06891002360237031,0.12402802450194095,0,0,nan,nan,-1,0,15033
294,870,687,0.10630761851064552,0.36363545644147643,0.0635948763899315,0.12006349895241984,0,0,nan,nan,-1,0,15033
295,987,916,0.021343879242230503,0.28598388136549296,4.1883787052081285e-28,0.022727996246348442,0,0,nan,nan,-1,0,15033
296,939,747,0.10952004575215186,0.46816832451211127,0.0775083129483192,0.1356586595483002,0,0,nan,nan,-1,0,15033
297,826,651,0.10971965108784049,0.314272070250432,0.0628679584226457,0.12732592473425275,0,0,nan,nan,-1,0,15033
298,825,631,0.12966697475440006,0.44842830645649334,0.07872060225851253,0.12942112883494294,0,0,nan,nan,-1,0,15033
299,967,784,0.09330409309754661,0.35702070386257945,0.05876412734129978,0.10772259868350596,0,0,nan,nan,-1,0,15033
300,977,857,0.028622388683043596,0.35396018658100364,2.6239397683234844e-28,0.0318655323769368,0,0,nan,nan,-1,0,15033
301,940,804,0.03910927582234865,0.265948275137118,2.549458939035857e-28,0.06002716843481074,0,0,nan,nan,-1,0,15033
302,591,451,0.15078091524449108,0.47011482916669517,0.07499624287892039,0.13401243032506183,0,0,nan,nan,-1,0,15033
303,682,544,0.12837525081712758,0.4177416065794596,0.06891128836768706,0.11702965617567124,0,0,nan,nan,-1,0,15033
304,648,481,0.14030984200079338,0.6179394965460611,0.10146825951321194,0.13930372159882923,0,0,nan,nan,-1,0,15033
305,779,594,0.09268705529031246,0.40110015463993337,0.06602681132984098,0.11769492855451849,0,0,nan,nan,-1,0,15033
306,805,616,0.16875052689732337,1.4010362042787203,0.07204297460268419,0.13074127822620696,0,0,nan,nan,-1,0,15033
307,749,589,0.12594132264917865,2.412117731711519,0.08733176133369008,0.13079966759827907,0,0,nan,nan,-1,0,15033
308,755,605,0.08372135180992281,0.42497260467870296,0.04424613649938161,0.11363637471977442,0,0,nan,nan,-1,0,15033
309,633,484,0.14315934624582086,0.3807761243990805,0.06878737107060906,0.12182717182446315,0,0,nan,nan,-1,0,15033
310,630,476,0.17090705191701933,0.7408641054621711,0.13193451557468344,0.1637262669439993,0,0,nan,nan,-1,0,15033
311,637,479,0.1209277426300591,0.34729569257521453,0.07391441088816288,0.1319315316269229,0,0,nan,nan,-1,0,15033
312,625,477,0.12166243690824627,0.6077987437154048,0.08846083544078553,0.12855124844336077,0,0,nan,nan,-1,0,15033
313,577,418,0.16610708637546318,0.4802521527215834,0.10601807514570104,0.13961546203690192,0,0,nan,nan,-1,0,15033
314,611,477,0.13408646137055366,0.5022248456300897,0.08697816468115314,0.12774574547430337,0,0,nan,nan,-1,0,15033
315,447,315,0.2467415189706534,0.9744715648914569,0.09159908660250293,0.14459439134722757,0,0,nan,nan,-1,0,15033
316,369,239,0.26039525033277716,3.7236562043211023,0.11617770279690078,0.1446899146723953,0,0,nan,nan,-1,0,15033
317,321,239,0.16497290292359001,0.594652049667918,0.08923558763012117,0.13320191490410835,0,0,nan,nan,-1,0,15033
318,407,291,0.20244693694818894,4.436933638142023,0.0928841381285528,0.13946055947908628,0,0,nan,nan,-1,0,15033
319,369,254,0.20651660146221928,0.6183970106957888,0.08802778371921591,0.1320243401455984,0,0,nan,nan,-1,0,15033
320,459,338,0.11382104413042501,0.43980267839375026,0.05483800700860604,0.1210198927796047,0,0,nan,nan,-1,0,15033
321,580,442,0.10177964513741541,0.5158161143316453,0.07761726814923799,0.12760886481181627,0,0,nan,nan,-1,0,15033
322,517,392,0.21159111981210238,1.4240477507298213,0.11166700632199368,0.13916063485909436,0,0,nan,nan,-1,0,15033
323,540,417,0.1070532599501672,0.9853414289556436,0.1010273452823057,0.13220324123218466,0,0,nan,nan,-1,0,15033
324,505,398,0.12817888935941366,0.595274503832619,0.0630782603692322,0.12055791131506886,0,0,nan,nan,-1,0,15033
325,542,403,0.15187172853201647,0.33810960189576833,0.09252697139640186,0.1357883206045665,0,0,nan,nan,-1,0,15033
326,574,465,0.06853211307393922,0.31611438098883066,0.0647167855176273,0.10840899483995686,0,0,nan,nan,-1,0,15033
327,583,506,0.03958492039628568,0.5702866005051563,6.0591934540699064e-27,0.05772357231367888,0,0,nan,nan,-1,0,15033
328,603,479,0.08554503025090526,0.9800023012203622,0.06823536220038381,0.12132029891486333,0,0,nan,nan,-1,0,15033
329,514,411,0.12683815603776824,0.5686302891694194,0.08428670925796877,0.12343884967757729,0,0,nan,nan,-1,0,15033
330,480,367,0.10756947792268223,0.4194013798522074,0.07778513722276885,0.1325553880517082,0,0,nan,nan,-1,0,15033
331,639,536,0.11468267180804471,0.36697367326124664,0.06494443595470745,0.12156013993429418,0,0,nan,nan,-1,0,15033
332,675,543,0.06963371888295254,0.4283347876355386,0.06375475278594332,0.10774889232782708,0,0,nan,nan,-1,0,15033
333,707,551,0.11719324160970894,0.7196335908146619,0.05815555613888046,0.111531786799146,0,0,nan,nan,-1,0,15033
334,663,540,0.1126633272592114,0.5331710148193446,0.0510866191824622,0.10701665435917991,0,0,nan,nan,-1,0,15033
335,552,411,0.12392312198721944,0.5171916031399972,0.1103446800613184,0.1382557124690014,0,0,nan,nan,-1,0,15033
336,539,405,0.15213248605625615,1.11979609205527,0.07472825370395136,0.1284138521559415,0,0,nan,nan,-1,0,15033
337,573,443,0.12967215018191447,0.4331979841052954,0.07393257291759397,0.1409083325522062,0,0,nan,nan,-1,0,15033
338,612,447,0.14434738906124012,0.5843190761340915,0.08357892924350936,0.14680007090240396,0,0,nan,nan,-1,0,15033
339,739,568,0.08329556064308398,0.4275612965317562,0.06342933879074114,0.107121076473949,0,0,nan,nan,-1,0,15033
340,677,529,0.15541200544810807,0.7471000460363685,0.09878340360652753,0.1290008023519264,0,0,nan,nan,-1,0,15033
341,547,388,0.184577188024022,0.6541159879175592,0.08016252971562778,0.13333158158574887,0,0,nan,nan,-1,0,15033
342,535,365,0.21458812102324185,0.7470022167838617,0.0720949367920159,0.13153587482218865,0,0,nan,nan,-1,0,15033
343,657,503,0.1218886769804574,0.5765595718034335,0.09084866863685986,0.1324667270113134,0,0,nan,nan,-1,0,15033
344,479,353,0.15950370852143714,0.9485789615543478,0.09377394387113885,0.1382529769461961,0,0,nan,nan,-1,0,15033
345,740,618,0.1352001173715951,0.5289046611805699,0.06109886399370268,0.12500274830777347,0,0,nan,nan,-1,0,15033
346,417,283,0.1829017149854639,1.6408546572251084,0.11032885203203671,0.1422333525536497,0,0,nan,nan,-1,0,15033
347,383,263,0.14866602258534603,0.7745689139584133,0.09639392714637116,0.13695442589009205,0,0,nan,nan,-1,0,15033
348,754,615,0.08715939719579209,0.5237563031703083,0.07044311813898128,0.11910446134706358,0,0,nan,nan,-1,0,15033
349,592,456,0.10538799845459454,8.159965766584554,0.07382945363909471,0.12593140020321963,0,0,nan,nan,-1,0,15033
350,646,510,0.11329196882995854,0.3905020133565327,0.05365738138483241,0.10970093475507453,0,0,nan,nan,-1,0,15033
351,695,547,0.10897342820495863,0.6299657236504717,0.12338756114531506,0.14857872947800663,0,0,nan,nan,-1,0,15033
352,649,514,0.1231734857870928,0.5959906306377373,0.08434733221938676,0.1372623694882366,0,0,nan,nan,-1,0,15033
353,589,494,0.09100435621829393,0.43597928504823513,0.08215555441801133,0.12887394898652868,0,0,nan,nan,-1,0,15033
354,463,347,0.16762613869640453,0.44428182368704877,0.0832115640127911,0.12315710441224606,0,0,nan,nan,-1,0,15033
355,392,265,0.16807412224643126,0.4910146088358057,0.09114480780111964,0.1416267445983905,0,0,nan,nan,-1,0,15033
356,457,357,0.11761157711455575,0.9661677354533421,0.06290863538824747,0.12524512455640904,0,0,nan,nan,-1,0,15033
357,249,164,0.5304589629567369,4.211842174660551,0.08054299024678835,0.12717117134036088,0,0,nan,nan,-1,0,15033
358,150,103,0.20376129261932063,0.8254494054337251,0.0755690818990243,0.12572474564913708,0,0,nan,nan,-1,0,15033
359,278,213,0.12094071637733936,0.45600755179865315,0.10010602488031684,0.12880876264716096,0,0,nan,nan,-1,0,15033
360,328,243,0.19572881174159745,0.5824347687565232,0.08111602359818018,0.1319662973835044,0,0,nan,nan,-1,0,15033
361,166,119,0.2837638185291953,0.6818787319238919,0.10698866481846786,0.14732228353712346,0,0,nan,nan,-1,0,15033
362,250,184,0.18857645908253773,0.6250932464339691,0.11095103316047683,0.15386718942453623,0,0,nan,nan,-1,0,15033
363,300,222,0.1990712947098874,0.7744421064716601,0.025547974845175563,0.08469800037830412,0,0,nan,nan,-1,0,15033
364,220,155,0.26329003683385926,0.7508898860435251,0.05655435672300255,0.11577862654157729,0,0,nan,nan,-1,0,15033
365,426,321,0.15340097980508116,0.4487754534087088,0.07706078911724584,0.1284807957854637,0,0,nan,nan,-1,0,15033
366,393,331,0.07722830811170628,0.385955541675267,0.03701437929709494,0.10340562746467684,0,0,nan,nan,-1,0,15033
367,558,466,0.10598891566987426,0.34370000578719956,0.060719042663712516,0.11456808066989126,0,0,nan,nan,-1,0,15033
368,75,45,0.6293343031323152,2.436535105761716,0.10092840777718548,0.1340230666701789,0,0,nan,nan,-1,0,15033
369,120,87,0.36259944020862234,1.072490176722792,0.0877539825173618,0.13743512366911342,0,0,nan,nan,-1,0,15033
370,96,66,0.17404308087260162,0.5234728652559015,0.08990113773240027,0.1416944857121279,0,0,nan,nan,-1,0,15033
371,148,104,0.18700092379722288,0.7805929290502842,0.0721357441692462,0.10791664140443265,0,0,nan,nan,-1,0,15033
372,141,112,0.7644203203141858,3.9061854246464107,0.06398972366428841,0.12546105711898717,0,0,nan,nan,-1,0,15033
373,74,53,0.5311510191149578,1.791993625931954,0.0805521444459017,0.127050319400109,0,0,nan,nan,-1,0,15033
374,63,45,0.17236366553928056,0.4602377132811854,0.05413970902247257,0.11317437709170558,0,0,nan,nan,-1,0,15033
375,51,35,0.5306728780533222,3.2542842843336985,0.04503008060270027,0.09851271390537926,0,0,nan,nan,-1,0,15033
376,330,241,0.7491092684118978,3.2961355391586578,0.06664401370724082,0.12889463807694482,0,0,nan,nan,-1,0,15033
377,51,38,0.34379837235809596,1.8080068247912653,0.04080415829562231,0.1253976326750205,0,0,nan,nan,-1,0,15033
378,119,88,0.1124692307007837,0.4232718612908718,0.147625803011972,0.17330337352160888,0,0,nan,nan,-1,0,15033
379,70,44,0.7240290731070921,3.2253454969003506,0.10660739411738078,0.14178733004129762,0,0,nan,nan,-1,0,15033
380,316,260,0.1027772480779445,0.28298741627044127,0.07363580286414712,0.1270559334823139,0,0,nan,nan,-1,0,15033
381,107,89,0.6333077400906791,5.203887121603438,0.046688875125864615,0.10126259822720923,0,0,nan,nan,-1,0,15033
382,408,332,0.11748329319221075,0.32076097100049483,0.03762609901369435,0.10340816036431227,0,0,nan,nan,-1,0,15033
383,495,398,0.09050452582185178,0.3349300590885911,0.08462967823303921,0.12811579443480892,0,0,nan,nan,-1,0,15033
384,539,440,0.07633432638756368,0.31010042668939464,0.027461271930128043,0.09352557578280156,0,0,nan,nan,-1,0,15033
385,522,435,0.10109613074640791,0.6495104908502242,0.040905898853897095,0.11306222020468785,0,0,nan,nan,-1,0,15033
386,479,377,0.1371812099528018,0.3854992540029823,0.07880829203335976,0.13506480783427285,0,0,nan,nan,-1,0,15033
387,431,348,0.1710171200355005,0.6073957912499537,0.023349033793576536,0.09483854067626753,0,0,nan,nan,-1,0,15033
388,398,311,0.14559168168331443,0.38071298693797406,0.07768342834578292,0.12042236451127508,0,0,nan,nan,-1,0,15033
389,386,330,0.06375211818748545,0.2044527308414577,0.048118990517575774,0.10621683613129741,0,0,nan,nan,-1,0,15033
390,255,197,0.1475672247134728,0.32528988371552636,0.11683766442165414,0.1481422429991256,0,0,nan,nan,-1,0,15033
391,566,463,0.0754634111873056,0.2721334786368025,0.07124097340854865,0.12201397877923172,0,0,nan,nan,-1,0,15033
392,378,307,0.11972694805646023,0.35079100257044676,0.08128634108299464,0.14558300099973648,0,0,nan,nan,-1,0,15033
393,460,379,0.135025236671589,0.9424639703889494,0.0975406902864163,0.15193498119503213,0,0,nan,nan,-1,0,15033
394,393,322,0.07998913312256864,0.3277119617324276,0.09715076192505383,0.13813985491749262,0,0,nan,nan,-1,0,15033
395,221,178,0.04559766932904767,0.20110033268866498,0.0030901715456988677,0.06681542887115463,0,0,nan,nan,-1,0,15033
396,435,320,0.1134230077852865,0.7989123573654034,0.07277568696667219,0.1307306805099672,0,0,nan,nan,-1,0,15033
397,207,160,0.1685682676280662,0.5571978269463909,0.0786606210140133,0.12875801107807253,0,0,nan,nan,-1,0,15033
398,344,289,0.06042902564937612,0.2898250613813147,0.06360964090235117,0.11602444218071221,0,0,nan,nan,-1,0,15033
399,217,159,0.1354304717062927,0.46661435261456213,0.06228943958043327,0.11529456088993403,0,0,nan,nan,-1,0,15033
400,495,396,0.119237818118736,0.3995109544857722,0.08879933391239644,0.12737290068303814,0,0,nan,nan,-1,0,15033
401,630,528,0.0854311867992318,0.3140917554417936,0.05016403882890179,0.11400230131019823,0,0,nan,nan,-1,0,15033
402,567,511,0.11133644818096151,0.297959354838203,0.038886153840903236,0.10175569299807019,0,0,nan,nan,-1,0,15033
403,546,482,0.05144712286648746,0.26128820175448797,0.025076699944266145,0.08907988176426683,0,0,nan,nan,-1,0,15033
404,528,428,0.08278836142243126,0.21883138955567077,0.0313779046592301,0.0950106216303035,0,0,nan,nan,-1,0,15033
405,540,453,0.05727871900520145,0.2909901115080675,0.05371245065718686,0.10202219322883431,0,0,nan,nan,-1,0,15033
406,511,436,0.09014043285162134,0.3239438088572816,0.06407024684991822,0.1121522892355873,0,0,nan,nan,-1,0,15033
407,576,492,0.05714189163918055,0.24060872792045698,0.04412831383857505,0.1030921141139618,0,0,nan,nan,-1,0,15033
408,444,370,0.07308009432966747,0.324686389056856,0.04974344306340246,0.11353522518291113,0,0,nan,nan,-1,0,15033
409,392,321,0.09691167066260746,0.30260533608131995,0.07799801738662612,0.13375634210281376,0,0,nan,nan,-1,0,15033
410,404,310,0.126785391418645,0.3297687436129032,0.07035806261549238,0.11453978673013497,0,0,nan,nan,-1,0,15033
411,421,328,0.09846198645619703,0.39880763052348217,0.06343567138188488,0.11294696446815444,0,0,nan,nan,-1,0,15033
412,454,378,0.10855615039397387,0.3215860016591651,0.09852696219038501,0.1384611413267734,0,0,nan,nan,-1,0,15033
413,423,381,0.07379166869617028,0.25382893428202385,2.6625706872265356e-26,0.06981887102690378,0,0,nan,nan,-1,0,15033
414,392,319,0.08430833369866265,0.2646999479696136,3.386417603430099e-23,0.10672149914188311,0,0,nan,nan,-1,0,15033
415,419,320,0.1033419952789155,0.2840773721577093,0.06534637564082627,0.12867366725206467,0,0,nan,nan,-1,0,15033
416,578,496,0.1306557843082462,0.33851628421201063,4.334660470771768e-27,0.05629603533229448,0,0,nan,nan,-1,0,15033
417,528,463,0.08232086115614737,0.207720364172327,0.07382127624490317,0.11667515871231318,0,0,nan,nan,-1,0,15033
418,571,504,0.023108178653824262,0.34490075354190236,5.383394194177529e-27,0.03876471946479897,0,0,nan,nan,-1,0,15033
419,556,496,0.011824725590853898,0.33584891906092973,0.03807986741485431,0.10868039082450354,0,0,nan,nan,-1,0,15033
420,542,451,0.12746582502410259,0.3506703238001913,0.09894671114621795,0.1524375783343702,0,0,nan,nan,-1,0,15033
421,569,515,0.01741051160156502,0.1694156604386039,9.508750373304965e-28,0.05941551094969926,0,0,nan,nan,-1,0,15033
422,436,370,0.06762724646422713,0.2586416794368564,0.0783914401495626,0.10721212099380885,0,0,nan,nan,-1,0,15033
423,472,386,0.1306422919405527,0.3903160440443929,0.022193448226348327,0.09039756789087859,0,0,nan,nan,-1,0,15033
424,504,435,0.07719236461064863,0.21740195168230236,1.7408482721372994e-24,0.08270425614514613,0,0,nan,nan,-1,0,15033
425,507,448,0.04121655110216814,0.2354024432752922,0.00666827724153969,0.05168784254967725,0,0,nan,nan,-1,0,15033
426,515,456,0.02249731070588661,0.22487778094446134,1.606888569116758e-26,0.07293368317145037,0,0,nan,nan,-1,0,15033
427,419,342,0.11072835590353597,0.33138264981825666,0.0773108845523455,0.12800301821272597,0,0,nan,nan,-1,0,15033
428,371,308,0.10152987470908513,0.25923046175470166,0.0856274049891048,0.1276994800282559,0,0,nan,nan,-1,0,15033
429,71,51,0.6486169973330369,1.9953180731867375,0.050706851566601256,0.10418285009507247,0,0,nan,nan,-1,0,15033
430,169,132,0.2501110048705004,0.7586205867870852,0.09048469163738934,0.13374862815810623,0,0,nan,nan,-1,0,15033
431,176,147,0.033873759987464516,0.2355289653169349,0.004240610702896667,0.06960110350840185,0,0,nan,nan,-1,0,15033
432,348,297,0.1811425680674429,0.42523448557538773,0.09471636495595911,0.13940928817926848,0,0,nan,nan,-1,0,15033
433,376,313,0.06666199014454584,0.2986359803310553,1.687878978534285e-27,0.07070030046502894,0,0,nan,nan,-1,0,15033
434,415,337,0.08700686840391117,0.3984200315990964,0.05375173799510052,0.11124641090130243,0,0,nan,nan,-1,0,15033
435,384,319,0.09702746813716195,0.29076978592214847,0.060120343836521636,0.11864766960119172,0,0,nan,nan,-1,0,15033
436,443,371,0.10628941843734876,0.4608930365189993,0.06799356246631617,0.1293996065744362,0,0,nan,nan,-1,0,15033
437,374,294,0.17109569035731076,0.9249989552336103,0.06648340739773126,0.12736821574116536,0,0,nan,nan,-1,0,15033
438,234,172,0.09788303904701931,0.45496598499717134,0.08306026621240986,0.1370332805804435,0,0,nan,nan,-1,0,15033
439,193,149,0.08234212213065552,0.2839212413153193,4.61600036177445e-27,0.08920802009884558,0,0,nan,nan,-1,0,15033
440,474,378,0.09084355676124567,0.39165286468186655,0.07025801590899822,0.12212698667982026,0,0,nan,nan,-1,0,15033
441,379,312,0.14310482324020257,0.4348812171087919,0.09655645609089655,0.13339471636840855,0,0,nan,nan,-1,0,15033
442,359,293,0.10166554516794435,0.2925300518569255,0.10153554167472086,0.15661822166790024,0,0,nan,nan,-1,0,15033
443,321,232,0.17185955763483587,0.5056456819545462,0.09502594409177903,0.1340291768428754,0,0,nan,nan,-1,0,15033
444,309,255,0.045190149341743244,0.22941176847416123,0.028682906291871677,0.11060256342859194,0,0,nan,nan,-1,0,15033
445,496,395,0.09934050648890642,0.3762515381374257,0.05826676133776774,0.11805930392928243,0,0,nan,nan,-1,0,15033
446,336,248,0.15256061888441114,0.5851477785631543,0.07883755049723765,0.13359239935595452,0,0,nan,nan,-1,0,15033
447,240,188,0.10246545039497915,0.28948485775332605,0.09537784993501697,0.12120965536868362,0,0,nan,nan,-1,0,15033
448,452,339,0.10245860133292498,0.3411636393890742,0.07677684990416386,0.12900922110434862,0,0,nan,nan,-1,0,15033
449,324,233,0.13330214084744113,0.6888842870985944,0.08313089800939172,0.11796924552594061,0,0,nan,nan,-1,0,15033
450,324,265,0.08513284863524906,0.22818201913244035,0.11087332690287541,0.1412087798149733,0,0,nan,nan,-1,0,15033
451,277,207,0.09924147548580159,0.35605409998151377,0.09638705766250093,0.13600688844988698,0,0,nan,nan,-1,0,15033
452,319,244,0.11253116831518965,0.37518912674058497,2.405416794309533e-28,0.08182130549706429,0,0,nan,nan,-1,0,15033
453,346,295,0.06588500397777924,0.3080723950589543,2.664687387111952e-28,0.054003686103504964,0,0,nan,nan,-1,0,15033
454,290,237,0.09058464661023999,0.33301176845166536,0.0913676789656169,0.1365464239297734,0,0,nan,nan,-1,0,15033
455,360,278,0.07871026667165645,0.3304780849514474,0.06657623648595372,0.12125075657932496,0,0,nan,nan,-1,0,15033
456,321,255,0.09798258158591049,0.24532358139178406,0.08887782407640886,0.12477610175112748,0,0,nan,nan,-1,0,15033
457,403,335,0.09388783632004698,0.21913195912601358,0.06863817226577776,0.1182043502793002,0,0,nan,nan,-1,0,15033
458,367,287,0.12663006763763343,0.3932838585251443,0.09270916270984189,0.13597580353177657,0,0,nan,nan,-1,0,15033
459,350,282,0.10269011842536913,0.6497953835274654,0.052758305621555715,0.11608606673360385,0,0,nan,nan,-1,0,15033
460,356,322,0.03151409986613552,0.22113069402089783,3.328387462324108e-25,0.052655055562164065,0,0,nan,nan,-1,0,15033
461,326,251,0.10528660414669208,0.34482934516905506,0.055289504414530434,0.11549645495602183,0,0,nan,nan,-1,0,15033
462,340,277,0.19217331667531468,0.5693364277781251,0.05797923784362931,0.12747545816845507,0,0,nan,nan,-1,0,15033
463,313,247,0.08937754420760126,0.2404597392374113,0.04530207170789139,0.09905219461309027,0,0,nan,nan,-1,0,15033
464,304,256,0.06280947147164073,0.2835606219732142,0.03294115959462644,0.09083242672734523,0,0,nan,nan,-1,0,15033
465,298,250,0.08549051195617102,0.30801995826291495,0.04320440715562934,0.09327568125479821,0,0,nan,nan,-1,0,15033
466,402,309,0.10833515126150052,0.33503129197594167,0.08128822647382215,0.12702141509214454,0,0,nan,nan,-1,0,15033
467,58,33,37.791106492555315,969.155789978457,0.10102798860334272,0.11619345122837592,0,0,nan,nan,-1,0,15033
468,54,42,0.2949266487577709,0.7324412168688403,0.04893693807477612,0.1018249722583528,0,0,nan,nan,-1,0,15033
469,253,172,0.5341478048241717,8.133453217601582,0.07196840793213438,0.14095940061373005,0,0,nan,nan,-1,0,15033
470,329,251,0.1388052580140052,1.144094554420254,0.04027131594323709,0.11356015654208977,0,0,nan,nan,-1,0,15033
471,182,142,0.124275010265369,0.37938884394870265,0.09835616847216605,0.13489636617358133,0,0,nan,nan,-1,0,15033
472,369,275,0.11281884805144785,0.6141684703753822,0.07612528629385033,0.1343019923463543,0,0,nan,nan,-1,0,15033
473,349,287,0.10085201342624758,0.3466036735086667,0.08272896564988018,0.12220490604426128,0,0,nan,nan,-1,0,15033
474,373,295,0.10679639770754014,0.7502000484949826,0.06656557732957903,0.11065495689160222,0,0,nan,nan,-1,0,15033
475,375,300,0.11057070392065999,0.34467696941918385,0.06334171466361435,0.11416626528927765,0,0,nan,nan,-1,0,15033
476,335,260,0.10845217162304267,0.5725767605342457,0.05769250528573597,0.12450697821964263,0,0,nan,nan,-1,0,15033
477,323,263,0.16818608716762984,0.5802913415192175,0.047804126825844145,0.10915531780663092,0,0,nan,nan,-1,0,15033
478,438,379,0.153722842198543,0.5105838028704759,0.03870839703210421,0.10016812594965342,0,0,nan,nan,-1,0,15033
479,349,292,0.09138315503555434,0.4866047489311291,0.07295400502437757,0.12108821932432201,0,0,nan,nan,-1,0,15033
480,221,140,0.22917837986378434,0.6226179255797358,0.08388785459558262,0.12617425321973844,0,0,nan,nan,-1,0,15033
481,155,104,0.5211064734234504,1.1828442130129257,0.08293058776099184,0.13394440054281928,0,0,nan,nan,-1,0,15033
482,310,227,0.20817000042829098,0.6370773694852995,0.08655684395501083,0.1481103522866174,0,0,nan,nan,-1,0,15033
483,349,280,0.13616162230000128,0.3513983186743957,0.09351237640265156,0.137641080323638,0,0,nan,nan,-1,0,15033
484,499,433,0.09250943969142889,0.6177745244242467,7.867659066490667e-28,0.06930393887376711,0,0,nan,nan,-1,0,15033
485,418,346,0.14246665381443288,0.3489144186690695,0.04009815029388339,0.09572610346195824,0,0,nan,nan,-1,0,15033
486,597,499,0.06020679524625735,0.23697995989434167,0.04348696852419798,0.09641942411235434,0,0,nan,nan,-1,0,15033
487,501,421,0.06024216618006083,0.4936322501744956,0.006922166060390309,0.06752854426097199,0,0,nan,nan,-1,0,15033
488,471,345,0.1719814143338531,0.6338183763786612,0.08333374865974931,0.12976603193401698,0,0,nan,nan,-1,0,15033
489,479,399,0.1110580798741191,0.35586468647906844,0.05844308773658614,0.12322894279933114,0,0,nan,nan,-1,0,15033
490,525,401,0.11672676707060593,0.4295790123186062,0.09227596721219658,0.13305647884935606,0,0,nan,nan,-1,0,15033
491,490,399,0.08369874880581141,0.3313722563999559,0.07696435270085239,0.12061330194140885,0,0,nan,nan,-1,0,15033
492,442,350,0.1047409402239011,0.7266922675082007,0.07089611696734158,0.1228983172370873,0,0,nan,nan,-1,0,15033
493,489,436,0.03291127500290624,0.392324396014573,0.0005117757331930448,0.03355521323476891,0,0,nan,nan,-1,0,15033
494,547,459,0.10591320801616079,0.4600424940374302,0.06870206287395016,0.11870756789045614,0,0,nan,nan,-1,0,15033
495,548,426,0.09901963678755366,0.44195259393458197,0.05727840663659716,0.10894146032812436,0,0,nan,nan,-1,0,15033
496,538,423,0.13333079132928044,0.5764343331162098,0.061266235701062446,0.12016735737905267,0,0,nan,nan,-1,0,15033
497,623,567,0.010025005886767581,0.26273814115135424,7.5173709129826025e-28,0.04323302271976254,0,0,nan,nan,-1,0,15033
498,660,622,0.004191597722079881,0.0982353542094088,0.00840646231443377,0.055034950314308,0,0,nan,nan,-1,0,15033
499,469,361,0.11836859319181775,0.2868964863200828,0.09557741270823752,0.14530712776577992,0,0,nan,nan,-1,0,15033
500,536,430,0.11963458739273639,0.36566628455282035,0.10752634912365941,0.1382929781923875,0,0,nan,nan,-1,0,15033
501,618,526,0.01718616372846845,0.26861996327972604,1.673004991986066e-28,0.053519538895663146,0,0,nan,nan,-1,0,15033
502,510,393,0.1577795681066511,0.7431138879730463,0.062191593105755345,0.12307021909200618,0,0,nan,nan,-1,0,15033
503,554,446,0.08229625400326665,0.2848719660609019,0.09115803144745402,0.13332286509136804,0,0,nan,nan,-1,0,15033
504,590,504,0.05694819158455253,0.3096133572052362,0.0549753365213442,0.11156441381521787,0,0,nan,nan,-1,0,15033
505,611,517,0.09032672849279785,0.32328548226806747,0.06235651184867017,0.11452742058233192,0,0,nan,nan,-1,0,15033
506,611,502,0.13071499154439187,0.33774834483851723,0.06275450363889143,0.11998249927775607,0,0,nan,nan,-1,0,15033
507,627,528,0.04466634585849609,0.29758236527583604,0.05424259578648056,0.1040462895695439,0,0,nan,nan,-1,0,15033
508,609,471,0.10938600895412148,0.3489137550496042,0.10372003192486538,0.13195876176868096,0,0,nan,nan,-1,0,15033
509,717,674,0.003021936744019135,0.15803392335193303,5.641371514788669e-28,0.024652909252487018,0,0,nan,nan,-1,0,15033
510,656,568,0.05520427396802941,0.33175855429823,6.269257251081463e-28,0.05396598488452247,0,0,nan,nan,-1,0,15033
511,616,479,0.09231319200568269,0.3458269480956632,3.014141256419832e-28,0.12246623635863971,0,0,nan,nan,-1,0,15033
512,607,500,0.13605570826286675,0.4715060192251981,0.055855811214838534,0.10379422378158,0,0,nan,nan,-1,0,15033
513,662,614,0.01167210221617225,0.22639683818534362,7.127669339298953e-28,0.0321823880581193,0,0,nan,nan,-1,0,15033
514,623,484,0.2004564412025054,5.568302688830233,0.10116403100542998,0.14158870764459933,0,0,nan,nan,-1,0,15033
515,693,635,0.04620162345330505,0.3121227995939113,0.003007459790325306,0.03306770853534992,0,0,nan,nan,-1,0,15033
516,610,493,0.1306641831804619,0.3695163152134472,0.051960256052827405,0.11622349010963864,0,0,nan,nan,-1,0,15033
517,613,510,0.09007856822455479,0.23696600710156235,8.112255741971024e-26,0.09798780799632605,0,0,nan,nan,-1,0,15033
518,601,513,0.09354498375369347,0.312145075874137,0.03197102281986164,0.09264269402288186,0,0,nan,nan,-1,0,15033
519,632,496,0.06100829523104757,0.36639370096185714,0.07503648968168436,0.12530542190594351,0,0,nan,nan,-1,0,15033
520,626,508,0.08499325140909904,0.4596168738705605,0.05297720284000823,0.11612372345545748,0,0,nan,nan,-1,0,15033
521,631,493,0.08863100300648565,0.27384441305018314,0.05707123300834204,0.1159986830763122,0,0,nan,nan,-1,0,15033
522,676,614,0.07262004270263814,0.30239532249475276,0.0015925437037610313,0.0651654391290469,0,0,nan,nan,-1,0,15033
523,677,559,0.1323953364507713,0.3403513157152077,0.06656143837609609,0.12546033823556957,0,0,nan,nan,-1,0,15033
524,662,537,0.09145043087784263,0.29115788926386127,0.12009554782684809,0.1507222645818328,0,0,nan,nan,-1,0,15033
525,684,620,0.00928601619567985,0.23358980100288496,3.4508912689461157e-28,0.036585778904436005,0,0,nan,nan,-1,0,15033
526,740,680,0.011739706126437453,0.1591273145167165,4.384370012542988e-28,0.03466333617656752,0,0,nan,nan,-1,0,15033
527,679,540,0.1077509984024238,0.29562416038661254,0.08795044037416458,0.1390011047670153,0,0,nan,nan,-1,0,15033
528,702,597,0.09028874944220153,0.32760507829518226,6.962037469736803e-27,0.05591779056219385,0,0,nan,nan,-1,0,15033
529,745,639,0.07626491343686866,1.4080191024730164,2.328034504177315e-28,0.060906533444322675,0,0,nan,nan,-1,0,15033
530,790,743,0.008950683744533252,0.16035127530813467,1.8403590630114303e-28,0.03446139463605647,0,0,nan,nan,-1,0,15033
531,732,603,0.10080373789087466,0.30975771230740934,0.048558140284574725,0.10761512376422477,0,0,nan,nan,-1,0,15033
532,727,589,0.09822872639113961,0.3211901255346514,0.07774807673089651,0.12240858820546913,0,0,nan,nan,-1,0,15033
533,781,640,0.09802131777879564,0.7264076558393036,0.06497704203478048,0.09464927216892283,0,0,nan,nan,-1,0,15033
534,804,700,0.036205597279089015,0.40530648638843547,1.0219703113792482e-27,0.049345684028862156,0,0,nan,nan,-1,0,15033
535,775,622,0.0967073897131756,0.3304371301680353,0.07808631874085821,0.1215281861824142,0,0,nan,nan,-1,0,15033
536,828,727,0.0777728919845593,0.283912769855192,0.012760131446734902,0.07104363478070773,0,0,nan,nan,-1,0,15033
537,826,729,0.013497894956523109,0.20679922992338484,3.834774052402938e-28,0.040953343890026195,0,0,nan,nan,-1,0,15033
538,865,765,0.006410860804828923,0.2856279218346555,1.6632036565643574e-26,0.05169379639607398,0,0,nan,nan,-1,0,15033
539,887,764,0.04715750915144565,0.482167327282991,0.05171896304846558,0.09813496537997779,0,0,nan,nan,-1,0,15033
540,836,700,0.09827141170107821,0.31729459084076406,0.095836544812691,0.14538206545559998,0,0,nan,nan,500,265,15033
541,801,661,0.09282121718406766,0.3110498648996536,0.07629183338122919,0.13569573771817445,0,0,nan,nan,-1,0,15033
542,834,673,0.07303917448832299,0.23203915742191936,0.06603924016913812,0.10657964564067439,0,0,nan,nan,-1,0,15033
543,964,896,0.02863210956144649,0.15141977137511614,1.3402770482571112e-27,0.02814383304140878,0,0,nan,nan,-1,0,15033
544,885,704,0.16872923013056845,0.34807098676658926,0.08000196929776979,0.12894457728927075,0,0,nan,nan,-1,0,15033
545,997,833,0.07858103745113981,0.2883598218995721,0.06671379378663456,0.11754438397880065,0,0,nan,nan,-1,0,15033
546,981,779,0.09429167747855234,0.3536602579903764,0.0818118346448938,0.14545475117371498,0,0,nan,nan,-1,0,15033
547,1015,833,0.07802736378533447,0.2805153291047777,0.06370356620036201,0.10937625283912963,0,0,nan,nan,-1,0,15033
548,1064,955,0.06821919693778428,0.3201774747174419,0.024633638754134938,0.07530624540219016,0,0,nan,nan,-1,0,15033
549,1107,953,0.04685023523230858,0.42643914635257363,2.39013054720125e-26,0.05321514007381779,0,0,nan,nan,-1,0,15033
550,1217,1068,0.030799973617538817,0.20064781171523458,3.946798143167084e-28,0.0617944166483738,0,0,nan,nan,-1,0,15033
551,1181,1042,0.036979280627788595,0.23132199530712083,1.7172906005332883e-26,0.04798947867164706,0,0,nan,nan,-1,0,15033
552,1241,1168,0.017066758928165702,0.1833752415884467,1.8704287017031688e-27,0.027765401679953016,0,0,nan,nan,-1,0,15033
553,1225,1150,0.004059251396577369,0.13604755916003475,1.2462169373126644e-28,0.020068221755199626,0,0,nan,nan,-1,0,15033
554,1170,1039,0.021214765902797743,0.41967682787058086,1.2098953641622347e-27,0.04364535198193076,0,0,nan,nan,-1,0,15033
555,1128,943,0.06324951430101461,0.25368286468827644,0.05311186371451819,0.11127322377189122,0,0,nan,nan,-1,0,15033
556,1068,864,0.07870812903799768,0.3166173068600014,0.08099072418341377,0.12213001829074445,0,0,nan,nan,-1,0,15033
557,1100,938,0.08099770887317126,1.0759157764267548,0.05798936981008335,0.10397532794987281,0,0,nan,nan,-1,0,15033
558,1184,1065,0.006984632490135629,0.21219983625675018,1.0544719919306717e-27,0.03612482979190036,0,0,nan,nan,-1,0,15033
559,979,768,0.10523186397044797,0.7029419420335026,0.07831515363423722,0.11665055654042882,0,0,nan,nan,-1,0,15033
560,1037,953,0.04456672969390127,0.282211165970068,1.1123120409689971e-27,0.038070645727262334,0,0,nan,nan,-1,0,15033
561,982,789,0.0547040413746126,0.36038194792930434,0.06297009585054725,0.1159864280386913,0,0,nan,nan,-1,0,15033
562,964,819,0.023863056688304386,0.29508129785757886,3.6595148608258192e-28,0.05170265631373258,0,0,nan,nan,-1,0,15033
563,926,831,0.01943431251694437,0.264935402138226,3.3749051405444726e-26,0.05004601455511659,0,0,nan,nan,-1,0,15033
564,935,796,0.08660611360118826,0.36534197406722146,0.014756944236851305,0.06838427965921808,0,0,nan,nan,-1,0,15033
565,914,717,0.1007945469757772,0.34596974791305063,0.06336257118109083,0.12207236333824244,0,0,nan,nan,-1,0,15033
566,944,776,0.09746252933478809,0.5163737528606497,0.06397407772139377,0.11555211539236808,0,0,nan,nan,-1,0,15033
567,894,763,0.09247774131323855,0.2774553734450424,0.03584484508105054,0.10095124153917298,0,0,nan,nan,-1,0,15033
568,979,888,0.07134601123466525,0.2450462733094344,2.883637755893025e-26,0.04138493857184111,0,0,nan,nan,-1,0,15033
569,878,770,0.012276852956156398,0.301126994946497,0.010482791862654238,0.07531539389003834,0,0,nan,nan,-1,0,15033
570,805,662,0.17636137670724705,0.33282428863096347,0.07280396201796283,0.12148842061443227,0,0,nan,nan,-1,0,15033
571,782,654,0.09730794997331468,0.3822319113340029,0.04360815943492875,0.11000095603884417,0,0,nan,nan,-1,0,15033
572,727,585,0.13288988405461355,0.46600579416845384,0.08845558366319198,0.13334097231595407,0,0,nan,nan,-1,0,15033
573,726,555,0.10804713588174433,0.3921530478661674,0.0579852894950716,0.11187517262751157,0,0,nan,nan,-1,0,15033
574,875,701,0.10359079201112752,0.2970369718099791,6.76073808820535e-27,0.0854108366537454,0,0,nan,nan,-1,0,15033
575,892,788,0.014042706856741936,0.2530683625735856,0.008724544993871099,0.07081485219663149,0,0,nan,nan,-1,0,15033
576,881,713,0.09216372020347836,0.2491014025418481,0.06821561421216472,0.10838563747735261,0,0,nan,nan,-1,0,15033
577,897,766,0.09077384751078006,0.2753273450933975,0.05074901965671305,0.10728092222300552,0,0,nan,nan,-1,0,15033
578,854,672,0.11912390420220943,6.044723156227183,0.0738446671087694,0.1289456621667512,0,0,nan,nan,-1,0,15033
579,884,727,0.11657703315171614,0.35622199262036097,0.061642571626757625,0.10850919766474523,0,0,nan,nan,-1,0,15033
580,874,704,0.14958047499467664,0.3695420844501592,0.09404744851582078,0.14123390471481007,0,0,nan,nan,-1,0,15033
581,941,838,0.014506927512439304,0.2106428965782295,7.158462913827971e-24,0.03829763683472769,0,0,nan,nan,-1,0,15033
582,914,730,0.11305816648466348,0.26666529268105377,0.07429942233810397,0.12336500123432773,0,0,nan,nan,-1,0,15033
583,884,697,0.14802585185916523,0.35300501004025087,0.07781882058646776,0.12828014170633026,0,0,nan,nan,-1,0,15033
584,923,827,0.016585913479829364,0.2759610618717415,1.7308928378802595e-25,0.03587288241937122,0,0,nan,nan,-1,0,15033
585,872,741,0.022056303743623815,0.3576500791950383,0.03698378667800582,0.08471089162095442,0,0,nan,nan,-1,0,15033
586,851,653,0.08330908492399391,0.42301567961376674,0.05156214537847784,0.10685509856047676,0,0,nan,nan,-1,0,15033
587,903,716,0.13005822472323775,1.2397014151968995,0.04848369702347384,0.118999295709026,0,0,nan,nan,-1,0,15033
588,869,670,0.10317908384828818,0.44807213752928776,0.08597761894669374,0.12169491761513661,0,0,nan,nan,-1,0,15033
589,888,755,0.09905135061961413,0.3401543327804366,0.062178055541184676,0.10933810431627879,0,0,nan,nan,-1,0,15033
590,964,865,0.018474718521645256,0.3134968337121738,0.04214776750058541,0.08267287765176107,0,0,nan,nan,-1,0,15033
591,962,854,0.01441085121961317,0.2246842716711376,7.954792282634863e-28,0.038245626690893805,0,0,nan,nan,-1,0,15033
592,978,891,0.0089466313969934,0.22059274546018443,0.010345968868145112,0.04523377052298041,0,0,nan,nan,-1,0,15033
593,931,727,0.10952272526984816,0.4050697948350441,0.06278996748000593,0.12143911783340375,0,0,nan,nan,-1,0,15033
594,984,873,0.019882968604001676,0.2783611230635232,0.09346278397416018,0.12304523979301031,0,0,nan,nan,-1,0,15033
595,935,778,0.052435740097304125,0.2772442777403763,0.03348479617301398,0.08262432771882249,0,0,nan,nan,-1,0,15033
596,1004,839,0.09344441419402594,0.32361871014701443,0.019946628297169696,0.08066794452454117,0,0,nan,nan,-1,0,15033
597,931,732,0.1487986225321981,0.5160261641159654,0.07198903061996587,0.13368490879815526,0,0,nan,nan,-1,0,15033
598,906,703,0.12979268989322051,0.35068713270784196,0.07591941593290744,0.1269958272146038,0,0,nan,nan,-1,0,15033
599,982,841,0.049194457219237944,0.41176901380369596,0.015686101486949093,0.07010101209749282,0,0,nan,nan,-1,0,15033
600,1016,904,0.030564911758447062,0.24618515852491885,3.1060120380450435e-28,0.027206936425740926,0,0,nan,nan,-1,0,15033
601,1006,849,0.04945084255414357,0.31946653491790855,0.020363060553640337,0.06906390220847014,0,0,nan,nan,-1,0,15033
602,957,718,0.10642352029774943,0.38365880340000985,0.10690272201119197,0.1406137716568528,0,0,nan,nan,-1,0,15033
603,923,707,0.11597571301439531,0.330978352110599,0.07217399835070641,0.13180890173586485,0,0,nan,nan,-1,0,15033
604,990,780,0.1027363493153631,0.3472853184694609,0.07728372748760225,0.13654680308435277,0,0,nan,nan,-1,0,15033
605,1086,934,0.09265890065081211,0.2997343949405585,5.5045103742648776e-27,0.03026084955053745,0,0,nan,nan,-1,0,15033
606,1057,930,0.09228353350411937,0.3030657296680368,0.01491205683678589,0.07393751448523585,0,0,nan,nan,-1,0,15033
607,1062,948,0.07608780044833735,0.26256480339338695,0.025264830016877696,0.07930631498602206,0,0,nan,nan,-1,0,15033
608,1059,918,0.014770158635367799,0.24316409872868522,0.0021837997152784985,0.05906670860711043,0,0,nan,nan,-1,0,15033
609,973,795,0.09340437183138771,0.3036866697387091,0.012334357161384283,0.07244069223306035,0,0,nan,nan,-1,0,15033
610,956,749,0.11948536223242448,0.42668246689142314,0.05411634877573997,0.11033475312937628,0,0,nan,nan,-1,0,15033
611,913,726,0.09762788320450637,0.41519355626339977,0.07187185308318872,0.1192628223980378,0,0,nan,nan,-1,0,15033
612,952,812,0.09787522737082938,0.3318094675633869,0.03606558539094305,0.08600667600328117,0,0,nan,nan,-1,0,15033
613,928,790,0.06744370162254917,0.2879263621496144,7.542651943983286e-28,0.04846274716959812,0,0,nan,nan,-1,0,15033
614,955,772,0.09915981730612503,0.33690829032150893,0.0410451564904326,0.08523904951137584,0,0,nan,nan,-1,0,15033
615,1009,888,0.08775046107781334,0.3127760939835284,0.0060262628163224655,0.05032891301037331,0,0,nan,nan,-1,0,15033
616,945,838,0.04478013665746855,0.26544781585001254,0.02005811594192,0.07422807027375876,0,0,nan,nan,-1,0,15033
617,951,818,0.03007732348233352,0.5108260031369403,0.022197245965235608,0.0698279322986596,0,0,nan,nan,-1,0,15033
618,881,673,0.1169523762933697,0.37811225262139286,0.08060925323395926,0.12777663028295994,0,0,nan,nan,-1,0,15033
619,848,661,0.12103216474411013,0.46234602345124937,0.07566884548470616,0.13017277038900568,0,0,nan,nan,-1,0,15033
620,885,697,0.08832075112319927,0.4014480443892312,0.0660105336444114,0.11903685377721067,0,0,nan,nan,-1,0,15033
621,975,752,0.12189306222977045,0.4134860749231991,0.08206401468453302,0.13139979998538226,0,0,nan,nan,-1,0,15033
622,947,747,0.09685301839193466,0.3271163352119041,0.06422592274374204,0.11952118684498655,0,0,nan,nan,-1,0,15033
623,974,866,0.028619695871250884,0.3434594403135009,0.021897155738984944,0.07901526584049985,0,0,nan,nan,-1,0,15033
624,1010,803,0.11361887201264488,0.34188932200262334,0.05020487401430731,0.11235286953450635,0,0,nan,nan,-1,0,15033
625,1031,785,0.09746425983357937,0.35902002573646397,0.06900861931420185,0.11903627749129732,0,0,nan,nan,-1,0,15033
626,1134,915,0.0987803162307648,0.3310982876710633,0.025341633844380415,0.08883800494755074,0,0,nan,nan,-1,0,15033
627,1149,915,0.10592928057933408,0.399324946307082,0.06857436883426919,0.11745842711691161,0,0,nan,nan,-1,0,15033
628,1162,917,0.11415824660039839,0.32099521685092147,0.09262302081416132,0.1419901719031171,0,0,nan,nan,-1,0,15033
629,1204,970,0.1586854687407517,0.5580930624481252,0.07660462230094406,0.12174756998282087,0,0,nan,nan,-1,0,15033
630,1304,1131,0.02752425999403143,0.25302723111522457,1.7881977022349176e-27,0.05580789857889809,0,0,nan,nan,-1,0,15033
631,1278,1081,0.021121802542023442,0.24119321129193877,4.364131447676183e-28,0.04738896314403904,0,0,nan,nan,-1,0,15033
632,1358,1144,0.06323408793147382,0.41041312236941097,0.0363867093037533,0.0882700380758197,0,0,nan,nan,-1,0,15033
633,1350,1112,0.09020337725189914,0.385150883551998,0.012714102348077648,0.07547106965211525,0,0,nan,nan,-1,0,15033
634,1310,1004,0.14166460793876545,0.3257779165281666,0.09871575111955819,0.14414388534693495,0,0,nan,nan,-1,0,15033
635,1357,1130,0.10938016457980902,0.3138919034859767,0.022911341828290636,0.07399104622648632,0,0,nan,nan,-1,0,15033
636,1311,1010,0.1267047785100843,0.4013259688907418,0.06269848976901093,0.11592968196391001,0,0,nan,nan,-1,0,15033
637,1258,986,0.11914287923566222,0.6873360646300346,0.07951770399413177,0.12165246010025269,0,0,nan,nan,-1,0,15033
638,1268,979,0.18541185692620532,0.4830359643221122,0.09522891733281584,0.1429522691514805,0,0,nan,nan,-1,0,15033
639,1277,985,0.12119347124351197,0.3719312148275505,0.06563121064788599,0.12088580991375646,0,0,nan,nan,-1,0,15033
640,1279,1068,0.06743428120782864,0.6930381697216884,0.04189354187583702,0.10169251478663265,0,0,nan,nan,-1,0,15033
641,1270,1082,0.04439710788674123,0.33208588472657846,0.034431651461928364,0.0853015713579944,0,0,nan,nan,-1,0,15033
642,1275,1077,0.040410505061408836,0.5537880289751587,0.03866090062084274,0.09006979364815575,0,0,nan,nan,-1,0,15033
643,1202,940,0.1400593705068914,0.529298890036817,0.10487293664466182,0.14705636305240538,0,0,nan,nan,-1,0,15033
644,1202,1035,0.02042254017344642,0.351305463785558,4.976713024108064e-27,0.03358717447606781,0,0,nan,nan,-1,0,15033
645,1204,1038,0.04582031006732876,0.28448924102014905,0.026395370368638836,0.07541850551401334,0,0,nan,nan,-1,0,15033
646,1135,883,0.1389912972237666,0.5190148109934989,0.14076903341178376,0.1573939891251331,0,0,nan,nan,-1,0,15033
647,1180,1007,0.06815719482857942,0.3011673334951583,5.0252611890036635e-28,0.04127363134452323,0,0,nan,nan,-1,0,15033
648,1134,981,0.023968884878580062,0.3858179001403593,0.021724777928393838,0.07040862770894689,0,0,nan,nan,-1,0,15033
649,1127,939,0.14296908860319082,0.40802547859501836,0.03425682070293524,0.10212148813288283,0,0,nan,nan,-1,0,15033
650,1166,927,0.15272762548174346,0.423985044440088,0.08966670470260667,0.138511534174553,0,0,nan,nan,-1,0,15033
651,1173,893,0.1360866006577326,0.39210601637918413,0.07675160118315778,0.13109251686088472,0,0,nan,nan,-1,0,15033
652,1068,795,0.15196657789881535,0.42256924578772326,0.14687268774182854,0.1676643646766561,0,0,nan,nan,-1,0,15033
653,1102,918,0.10379800110260544,0.44384407787393454,0.06931955810222781,0.1145147966152014,0,0,nan,nan,-1,0,15033
654,1131,995,0.059294642829535574,1.1858709015590314,0.025811990842645023,0.07700711733144708,0,0,nan,nan,-1,0,15033
655,1245,1037,0.208344631188549,6.077151793337013,0.06100332032349465,0.10165475520577281,0,0,nan,nan,-1,0,15033
656,1192,950,0.1369519052332583,0.4171484605458562,0.07956347148686839,0.12213238474853565,0,0,nan,nan,-1,0,15033
657,1301,1163,0.073800545889697,0.2927211069312271,0.013786670209559797,0.06539722620802739,0,0,nan,nan,-1,0,15033
658,1284,1165,0.007667509404028544,0.23376648259962954,0.006496031080770261,0.058144776513737444,0,0,nan,nan,-1,0,15033
659,1213,1032,0.10848770090398106,0.3574409985297457,0.02251374856523382,0.08714910503556035,0,0,nan,nan,-1,0,15033
660,1210,976,0.10436158645982625,0.3990605448803758,0.01164373052322297,0.07570168737476263,0,0,nan,nan,600,261,15033
661,1182,991,0.04334130532382087,0.31629713453721153,6.75427976941405e-28,0.044767241847635274,0,0,nan,nan,-1,0,15033
662,1194,990,0.03539982787716403,0.34749136370320555,0.01724225116715635,0.07395572424274952,0,0,nan,nan,-1,0,15033
663,1120,943,0.09904915593404215,0.3233572870469045,0.07858449174325015,0.1275542864581325,0,0,nan,nan,-1,0,15033
664,1126,880,0.11682523124201583,0.41442653044594574,0.05322700843933127,0.11151333276729933,0,0,nan,nan,-1,0,15033
665,1139,932,0.04276627556345827,0.3344699073834672,0.0782581530763316,0.12133304380596265,0,0,nan,nan,-1,0,15033
666,1035,806,0.13034650318238994,0.4135615997695165,0.06448016199629816,0.11985183983088249,0,0,nan,nan,-1,0,15033
667,1104,954,0.011844323610727863,0.30764284870275305,0.0036004916928911216,0.05016764292201989,0,0,nan,nan,-1,0,15033
668,1028,760,0.09213684475939798,0.6725399359804468,0.06101288670518191,0.12031065640050613,0,0,nan,nan,-1,0,15033
669,1121,888,0.15015455256338942,9.117889193833216,0.11502534153093832,0.13784815793586894,0,0,nan,nan,-1,0,15033
670,1053,832,0.1180160632167439,0.35010974590688637,0.04440860403419601,0.10732827527786037,0,0,nan,nan,-1,0,15033
671,999,811,0.12348598223715221,0.4314257926071802,0.05909092520514545,0.10995136912481018,0,0,nan,nan,-1,0,15033
672,1006,806,0.08483578429311432,0.4251119522220632,0.049476381359472424,0.10444565117115466,0,0,nan,nan,-1,0,15033
673,1008,792,0.11748694946427116,0.42175656805868095,0.07677377677276306,0.11824755058196153,0,0,nan,nan,-1,0,15033
674,994,886,0.01985558113345269,0.24213227949914207,0.004501313060615747,0.038025845335941805,0,0,nan,nan,-1,0,15033
675,838,677,0.07164580114609549,0.37815697303249257,0.026927304425281077,0.09526811040703478,0,0,nan,nan,-1,0,15033
676,789,595,0.13758677998088864,0.40376007054534285,0.07051274563547526,0.13264676912961654,0,0,nan,nan,-1,0,15033
677,1022,890,0.016031171673001852,0.26056587485120775,0.010398413411781458,0.04555268946457973,0,0,nan,nan,-1,0,15033
678,943,730,0.08966396645114169,0.43452961848254434,0.05445204996996328,0.11202919358293309,0,0,nan,nan,-1,0,15033
679,912,723,0.11622771601304813,0.3817460445495656,0.07260789545366902,0.1152346248564249,0,0,nan,nan,-1,0,15033
680,855,650,0.1432774759298577,0.4225641704599191,0.0785880324240472,0.12675009833907452,0,0,nan,nan,-1,0,15033
681,853,704,0.06798943465598858,0.34531990455952355,0.07152454029324379,0.11896906616731394,0,0,nan,nan,-1,0,15033
682,742,579,0.09278869205732598,0.4170915527745882,0.05848404074091604,0.11953151035051728,0,0,nan,nan,-1,0,15033
683,776,582,0.10889942511291009,0.7473767900094723,0.07616318204368495,0.13181611538907612,0,0,nan,nan,-1,0,15033
684,924,710,0.09974700875889955,0.5548450066373475,0.06405881342088082,0.11488475097130656,0,0,nan,nan,-1,0,15033
685,955,723,0.13850122899442444,0.4318278736788898,0.07145406498016668,0.12389292302201123,0,0,nan,nan,-1,0,15033
686,1081,905,0.05111013403799676,1.0264080410711565,0.013261888576274047,0.08056144858948946,0,0,nan,nan,-1,0,15033
687,994,789,0.11773260069791366,0.40221587843102596,0.05473292351312469,0.11783450097430102,0,0,nan,nan,-1,0,15033
688,1001,757,0.12760192768329845,0.41586901148608374,0.05557866532962924,0.11698641690491347,0,0,nan,nan,-1,0,15033
689,904,723,0.1425500609470178,0.46697795293787064,0.06936597413133633,0.11733881557431165,0,0,nan,nan,-1,0,15033
690,865,704,0.12995277968151234,0.4581210826810668,0.02431204625202138,0.08275723841451518,0,0,nan,nan,-1,0,15033
691,1079,878,0.09774479903610575,0.31630272626193195,0.011623441537717905,0.07813247433749584,0,0,nan,nan,-1,0,15033
692,1233,1079,0.024876099146733742,0.2270759315505843,0.004021314189344056,0.06213794617604151,0,0,nan,nan,-1,0,15033
693,951,755,0.12315802009608652,1.3000305164320474,0.08959599752983004,0.13976521820208354,0,0,nan,nan,-1,0,15033
694,812,624,0.14584313505040342,0.5735881359466465,0.08468846019002568,0.13127707683696868,0,0,nan,nan,-1,0,15033
695,781,648,0.09889112764095204,0.471306573269064,0.05712774740757663,0.11184234975142601,0,0,nan,nan,-1,0,15033
696,1112,888,0.11170352328338927,0.39979891837896575,0.058403846858316455,0.1134721659306385,0,0,nan,nan,-1,0,15033
697,1049,869,0.06478816346860636,0.9527770420971662,1.3712329101162683e-27,0.08635790144238382,0,0,nan,nan,-1,0,15033
698,1325,1197,0.03488479007361714,1.673858640789033,0.0040806577748878576,0.04921445583037133,0,0,nan,nan,-1,0,15033
699,1086,868,0.147362966806648,1.0832537703930327,0.05935042160608593,0.10770481760536339,0,0,nan,nan,-1,0,15033
700,1156,940,0.09317663273022161,0.31947649869833483,0.07759420760062766,0.12734589476096714,0,0,nan,nan,-1,0,15033
701,1232,1036,0.0897402803925294,0.5801713739996458,0.11044403036774073,0.14055650623167504,0,0,nan,nan,-1,0,15033
702,1306,1145,0.056053461486977436,0.3145313936807036,1.2800513759318148e-26,0.04346262525280891,0,0,nan,nan,-1,0,15033
703,1276,1108,0.10307027742256353,0.6878362245753556,7.13810674912995e-28,0.04797807358409499,0,0,nan,nan,-1,0,15033
704,1451,1382,0.011407207161614497,0.22181099164747262,3.003875578187122e-26,0.02601952343621278,0,0,nan,nan,-1,0,15033
705,1355,1240,0.05641137711047818,1.5214681382430844,6.694670732428954e-28,0.026494217843073303,0,0,nan,nan,-1,0,15033
706,1267,1083,0.07876774325813449,0.986391807151998,0.03969313877712343,0.0888148419070828,0,0,nan,nan,-1,0,15033
707,1350,1209,0.018295016125545616,0.2587449280598636,1.371644353873993e-26,0.04114957848635683,0,0,nan,nan,-1,0,15033
708,834,632,0.1940991205654445,4.149415388418938,0.09650985128577194,0.14526483597534084,0,0,nan,nan,-1,0,15033
709,613,429,0.40503347505360193,1.160698181128528,0.053510052810256954,0.1125253670624988,0,0,nan,nan,-1,0,15033
710,468,321,0.12968706688504045,0.46873320865983636,0.08747851234049578,0.12890733734721366,0,0,nan,nan,-1,0,15033
711,689,473,0.29315848010176476,1.3583042339813347,0.08607738146025065,0.1313483594412423,0,0,nan,nan,-1,0,15033
712,597,443,0.09248000512587502,0.35611155792628174,0.10613463071023935,0.14382989534637985,0,0,nan,nan,-1,0,15033
713,1169,1020,0.02910109992718055,0.20704358559707284,0.025998458630420003,0.08464781097721882,0,0,nan,nan,-1,0,15033
714,1214,990,0.09594350143920155,0.40786968756314995,0.07395964827440019,0.1289335199665398,0,0,nan,nan,-1,0,15033
715,1248,1029,0.10729748560897935,1.7121126540421618,0.09688728856629021,0.13310225612434154,0,0,nan,nan,-1,0,15033
716,1361,1209,0.012583842942914545,0.21447827622990281,6.387733086769469e-27,0.03998257884560505,0,0,nan,nan,-1,0,15033
717,1658,1587,0.00021714649703661226,0.10688345831716749,1.0006634933574078e-27,0.02014855175113781,0,0,nan,nan,-1,0,15033
718,1622,1541,0.0010914787664907748,0.09175945828309344,9.093910975572444e-28,0.022883210920277498,0,0,nan,nan,-1,0,15033
719,1402,1278,0.03070740493462472,0.3126462359683362,1.2331618428583141e-27,0.025439830921212433,0,0,nan,nan,-1,0,15033
720,1550,1486,1.7886583350560248e-05,0.08401845475438785,2.3228730374064067e-27,0.015842237207918816,0,0,nan,nan,680,252,15033
721,1610,1538,0.00032361263061441966,0.0787192574129863,2.6007093453978934e-27,0.024217693437282615,0,0,nan,nan,-1,0,15033
722,1534,1465,0.00010879667985246236,0.10791443970167779,6.80268288051352e-27,0.019573410318533165,0,0,nan,nan,-1,0,15033
723,1509,1413,0.005573976355105829,0.23117067443609796,1.5733626222426452e-27,0.03621599666977803,0,0,nan,nan,-1,0,15033
724,1564,1485,0.002310378896955694,0.7394993240748863,0.000245448954355458,0.024157709822036102,0,0,nan,nan,-1,0,15033
725,1565,1487,0.0010616079013829624,0.14259397737713397,2.1239681600816944e-27,0.02608888404426785,0,0,nan,nan,-1,0,15033
726,1663,1609,0.00023643795552396696,0.062332350845613484,1.29463539606257e-27,0.013322106465441214,0,0,nan,nan,-1,0,15033
727,1622,1552,0.00023423651773737703,0.08368341282005391,9.577758207220927e-28,0.018678988278027026,0,0,nan,nan,-1,0,15033
728,1662,1607,7.023409234500896e-05,0.0970705884589988,2.646021328932372e-27,0.01165959837560079,0,0,nan,nan,-1,0,15033
729,1664,1609,0.00012982133282089009,0.08075466315921906,4.562437480359388e-28,0.016541673307253462,0,0,nan,nan,-1,0,15033
730,1654,1596,0.015408243063909272,3.3976125729829616,5.970305348139554e-26,0.01359789611944228,0,0,nan,nan,-1,0,15033
731,1641,1582,3.281363194028289e-05,0.09270087767434833,2.595520030281628e-26,0.015105296069211328,0,0,nan,nan,-1,0,15033
732,1657,1601,7.901280827965846e-05,0.06463769128411394,5.303197871347253e-28,0.016911320830877655,0,0,nan,nan,-1,0,15033
733,1648,1590,0.00019481974405862655,0.0992346667920244,2.699734121025263e-27,0.014160750028681699,0,0,nan,nan,-1,0,15033
734,1659,1607,6.450629432390262e-05,0.08169031789362975,2.494008465300252e-27,0.011545725706277654,0,0,nan,nan,-1,0,15033
735,1653,1598,0.00021273591132862265,0.3128828126947083,8.950699382265995e-28,0.01201537170076905,0,0,nan,nan,-1,0,15033
736,1665,1616,0.0003870344279494395,0.14404280279259177,2.612489864449049e-26,0.013120917397369113,0,0,nan,nan,-1,0,15033
737,1654,1605,0.0007162819642604944,0.11230400571210668,1.0427338683833021e-27,0.01701442817222347,0,0,nan,nan,-1,0,15033
738,1645,1588,0.0017473914926719146,0.2791254280106455,9.78681776783374e-27,0.013363374101578986,0,0,nan,nan,-1,0,15033
739,1655,1609,0.00024693722707413957,0.0797553257084695,4.431915136464403e-28,0.014598624534368498,0,0,nan,nan,-1,0,15033
740,1656,1598,0.006545916368922733,0.6280111024082919,6.099523458772528e-28,0.014800011642701193,0,0,nan,nan,-1,0,15033
741,1658,1609,7.462621442115002e-05,0.052289532649692376,8.581217678966725e-28,0.01892029040399259,0,0,nan,nan,-1,0,15033
742,1669,1614,0.026337170748627833,3.7560762301755544,7.69119022059746e-27,0.018871158818203688,0,0,nan,nan,-1,0,15033
743,1665,1606,0.001441437901847912,0.10857676826680451,5.3907490612927025e-28,0.016738795387468565,0,0,nan,nan,-1,0,15033
744,1645,1597,0.0004102141260599061,0.07274390512826241,3.111928310459786e-27,0.012542234667985309,0,0,nan,nan,-1,0,15033
745,1673,1623,0.00024322768141358422,0.08202075702049332,2.8829192997780974e-27,0.013484651179324913,0,0,nan,nan,-1,0,15033
746,1658,1611,0.00021050929873825785,0.06479990866583754,8.553872069722582e-28,0.014732159902423107,0,0,nan,nan,-1,0,15033
747,1669,1608,0.006735702027815763,2.728561185478561,8.718854148804344e-28,0.013654023170889441,0,0,nan,nan,-1,0,15033
748,1679,1626,0.00039253292548616325,0.0866868716020298,1.3063472978199195e-27,0.017155557509871442,0,0,nan,nan,-1,0,15033
749,1630,1578,0.00028113904124402146,0.05288595935485479,6.418762324386979e-28,0.012502422937175423,0,0,nan,nan,-1,0,15033
750,1672,1614,0.0005395920139459403,0.10630139224405237,1.4894819329896256e-27,0.015242830405613207,0,0,nan,nan,-1,0,15033
751,1673,1624,0.00019269629759845108,0.07921746060694211,2.3235048624101e-27,0.013344545051527028,0,0,nan,nan,-1,0,15033
752,1682,1639,0.0003284243145394531,0.05133755769721834,1.6484390030129792e-27,0.014323920385983166,0,0,nan,nan,-1,0,15033
753,1649,1596,0.00017998217158197232,0.1984370627873045,1.6516368698166774e-27,0.010177793485445898,0,0,nan,nan,-1,0,15033
754,1663,1627,6.718088454347993e-05,0.037558567739529654,0.0,0.01645290148366907,0,0,nan,nan,-1,0,15033
755,1639,1589,0.000303585832569225,0.10522231391644513,4.206671726370983e-27,0.012636602141730227,0,0,nan,nan,-1,0,15033
756,1657,1614,0.0005309938950391883,0.05273494783500296,1.168990478960172e-27,0.016578693769594883,0,0,nan,nan,-1,0,15033
757,1656,1616,0.0001900995414414585,0.07662693953613378,1.658687123844336e-27,0.013722821293558228,0,0,nan,nan,-1,0,15033
758,1660,1604,0.000985518261706818,0.20760991039458326,1.6697906848664225e-27,0.013968970126809276,0,0,nan,nan,-1,0,15033
759,1629,1587,0.0014120934042570808,0.6772241638125666,1.2251161974294456e-27,0.012043494779714297,0,0,nan,nan,-1,0,15033
760,1644,1603,0.0007869355309942064,0.3782068037230824,6.579500344825379e-28,0.015650622487923226,0,0,nan,nan,-1,0,15033
761,1663,1607,0.0005289007020167136,0.4463077040245102,1.015137479227404e-27,0.016617767641031,0,0,nan,nan,-1,0,15033
762,1678,1631,0.0009024882298188837,0.17447396295485554,8.910623045001317e-28,0.011502768816023674,0,0,nan,nan,-1,0,15033
763,1674,1638,0.0009096915052272195,0.14764980988378557,1.9519551432855636e-27,0.011058736514671258,0,0,nan,nan,-1,0,15033
764,1526,1447,0.004460623827506886,0.7257873675050464,2.5836122628305216e-27,0.016336184266307834,0,0,nan,nan,-1,0,15033
765,1482,1375,0.00502861945957579,0.19087619474561981,8.73714936795727e-27,0.028869614647726777,0,0,nan,nan,-1,0,15033
766,1433,1305,0.006165737758934944,0.4446245287271733,7.209656328865281e-27,0.033910009592277766,0,0,nan,nan,-1,0,15033
767,1493,1388,0.0008655947695509808,0.29925983316717936,0.00927458283744768,0.036816459319608266,0,0,nan,nan,-1,0,15033
768,1667,1617,0.0002955139499286993,0.05368499055547663,1.1181045381301987e-26,0.013843351964227008,0,0,nan,nan,-1,0,15033
769,1609,1548,0.00016086038908547022,0.08334558949569094,2.484293374909129e-27,0.02085931421323321,0,0,nan,nan,-1,0,15033
770,1606,1529,4.4641846365662866e-05,0.18599680325667295,1.6083689377965936e-27,0.019324031002177427,0,0,nan,nan,-1,0,15033
771,1457,1327,0.015436850068308848,0.6739960849892991,1.6963472685408182e-25,0.04592238237167769,0,0,nan,nan,-1,0,15033
772,1502,1375,0.010554844953590556,0.21719866340687893,1.9740465575038927e-27,0.0322419621911309,0,0,nan,nan,-1,0,15033
773,1244,1018,0.04575753492734719,0.3899326636188142,1.0423210222551925e-27,0.0638542714038951,0,0,nan,nan,-1,0,15033
774,1236,1080,0.05615595008156908,0.9170681458067895,1.1805787030443276e-27,0.05170036364495486,0,0,nan,nan,-1,0,15033
775,1232,1067,0.09007209911844404,4.269843534451002,0.010099719483313022,0.07741958040829869,0,0,nan,nan,-1,0,15033
776,1158,903,0.11928817843686182,0.4958270499053891,0.0694111931978355,0.11238850993208799,0,0,nan,nan,-1,0,15033
777,1235,1072,0.010799284678528693,0.3975283060883352,3.5367347791150915e-28,0.04716709590765979,0,0,nan,nan,-1,0,15033
778,1246,1106,0.0765353792684744,0.25323399466347235,0.03580138515120342,0.0844197591787834,0,0,nan,nan,-1,0,15033
779,1201,1009,0.09324655279153057,0.3083009535029306,6.367875104628459e-28,0.07064555486930295,0,0,nan,nan,-1,0,15033
780,1172,1040,0.013343203573142674,0.5387465791226043,0.013080436472101227,0.05967840607980018,0,0,nan,nan,740,939,15033
781,1242,1117,0.02480543369658402,0.4422298491830663,3.526951560923536e-27,0.035174828915885796,0,0,nan,nan,-1,0,15033
782,1159,1034,0.03769204683319261,0.8794306609766345,2.5979019546318702e-27,0.03644766102422893,0,0,nan,nan,-1,0,15033
783,1006,816,0.10950336460804969,1.077040449836675,0.04051852381356785,0.10538750978794793,0,0,nan,nan,-1,0,15033
784,1090,982,0.012402775698983574,0.9419194032694985,0.016780848164183827,0.05979062796000991,0,0,nan,nan,-1,0,15033
785,1095,991,0.04370105517706014,0.2797787688706981,1.8852409140919467e-27,0.031756092772983836,0,0,nan,nan,-1,0,15033
786,1111,983,0.020255715218044222,0.27291780766366297,0.016002277696100017,0.07658056387617831,0,0,nan,nan,-1,0,15033
787,1104,972,0.09484300872605943,0.40771887194884343,0.05385361075967303,0.09829882977188277,0,0,nan,nan,-1,0,15033
788,1024,836,0.08127382361688781,0.42074707843739007,0.04446779605562452,0.09617180442758068,0,0,nan,nan,-1,0,15033
789,1006,808,0.08921157784291334,0.9537076379709993,0.033385010149774366,0.1062154859308598,0,0,nan,nan,-1,0,15033
790,1008,859,0.1055542725179516,0.36578966892331494,0.06515577058171672,0.11326728637162481,0,0,nan,nan,-1,0,15033
791,1280,1141,0.013890040048529605,0.30051767637373034,2.176840922618159e-27,0.033854660886851365,0,0,nan,nan,-1,0,15033
792,1388,1280,0.004453021646806565,0.16571914920619607,1.5887148979698257e-27,0.0368964552117921,0,0,nan,nan,-1,0,15033
793,1276,1154,0.07564709946569678,0.2916837050833876,5.6102473771883555e-28,0.029649678336946702,0,0,nan,nan,-1,0,15033
794,1249,1144,0.011110411966646892,0.2330203057691117,7.623478367961409e-28,0.03571375101325972,0,0,nan,nan,-1,0,15033
795,1245,1091,0.059195593233625124,0.610044116776915,1.4713297476386957e-24,0.06180964327988006,0,0,nan,nan,-1,0,15033
796,1191,1011,0.024225413165029505,0.3893513008154799,2.795832660947183e-26,0.06113302291015723,0,0,nan,nan,-1,0,15033
797,1333,1212,0.02198848248203902,0.1918532711588358,2.2306431761927285e-27,0.031687583844090726,0,0,nan,nan,-1,0,15033
798,1512,1458,0.0003146445016691243,0.203773275212353,1.0759612713038355e-26,0.01562169054170496,0,0,nan,nan,-1,0,15033
799,1440,1374,0.0006745470067503763,0.10511922073342203,8.264436533512533e-28,0.01797183899774481,0,0,nan,nan,-1,0,15033
